0,66.150,34.554,|[1, 4]|
1,61.950,34.554,|[0, 2, 4, 5]|
2,57.750,34.554,|[1, 3, 5, 6]|
3,53.550,34.554,|[2, 6, 7, 96]|
4,64.050,30.917,|[0, 1, 5, 8, 9]|
5,59.850,30.917,|[1, 2, 4, 6, 9, 10]|
6,55.650,30.917,|[2, 3, 5, 7, 10, 11]|
7,51.450,30.917,|[3, 6, 11, 96, 100, 104]|
8,66.150,27.280,|[4, 9, 12]|
9,61.950,27.280,|[4, 5, 8, 10, 12, 13]|
10,57.750,27.280,|[5, 6, 9, 11, 13, 14]|
11,53.550,27.280,|[6, 7, 10, 14, 15, 104]|
12,64.050,23.642,|[8, 9, 13, 16, 17]|
13,59.850,23.642,|[9, 10, 12, 14, 17, 18]|
14,55.650,23.642,|[10, 11, 13, 15, 18, 19]|
15,51.450,23.642,|[11, 14, 19, 104, 108, 112]|
16,66.150,20.005,|[12, 17, 20]|
17,61.950,20.005,|[12, 13, 16, 18, 20, 21]|
18,57.750,20.005,|[13, 14, 17, 19, 21, 22]|
19,53.550,20.005,|[14, 15, 18, 22, 23, 112]|
20,64.050,16.368,|[16, 17, 21, 24, 25]|
21,59.850,16.368,|[17, 18, 20, 22, 25, 26]|
22,55.650,16.368,|[18, 19, 21, 23, 26, 27]|
23,51.450,16.368,|[19, 22, 27, 112, 116, 120]|
24,66.150,12.731,|[20, 25, 28]|
25,61.950,12.731,|[20, 21, 24, 26, 28, 29]|
26,57.750,12.731,|[21, 22, 25, 27, 29, 30]|
27,53.550,12.731,|[22, 23, 26, 30, 31, 120]|
28,64.050,9.093,|[24, 25, 29, 32, 33]|
29,59.850,9.093,|[25, 26, 28, 30, 33, 34]|
30,55.650,9.093,|[26, 27, 29, 31, 34, 35]|
31,51.450,9.093,|[27, 30, 35, 120, 124, 128]|
32,66.150,5.456,|[28, 33, 36]|
33,61.950,5.456,|[28, 29, 32, 34, 36, 37]|
34,57.750,5.456,|[29, 30, 33, 35, 37, 38]|
35,53.550,5.456,|[30, 31, 34, 38, 39, 128]|
36,64.050,1.819,|[32, 33, 37, 40, 41]|
37,59.850,1.819,|[33, 34, 36, 38, 41, 42]|
38,55.650,1.819,|[34, 35, 37, 39, 42, 43]|
39,51.450,1.819,|[35, 38, 43, 128, 132, 136]|
40,66.150,-1.819,|[36, 41, 44]|
41,61.950,-1.819,|[36, 37, 40, 42, 44, 45]|
42,57.750,-1.819,|[37, 38, 41, 43, 45, 46]|
43,53.550,-1.819,|[38, 39, 42, 46, 47, 136]|
44,64.050,-5.456,|[40, 41, 45, 48, 49]|
45,59.850,-5.456,|[41, 42, 44, 46, 49, 50]|
46,55.650,-5.456,|[42, 43, 45, 47, 50, 51]|
47,51.450,-5.456,|[43, 46, 51, 136, 140, 144]|
48,66.150,-9.093,|[44, 49, 52]|
49,61.950,-9.093,|[44, 45, 48, 50, 52, 53]|
50,57.750,-9.093,|[45, 46, 49, 51, 53, 54]|
51,53.550,-9.093,|[46, 47, 50, 54, 55, 144]|
52,64.050,-12.731,|[48, 49, 53, 56, 57]|
53,59.850,-12.731,|[49, 50, 52, 54, 57, 58]|
54,55.650,-12.731,|[50, 51, 53, 55, 58, 59]|
55,51.450,-12.731,|[51, 54, 59, 144, 148, 152]|
56,66.150,-16.368,|[52, 57, 60]|
57,61.950,-16.368,|[52, 53, 56, 58, 60, 61]|
58,57.750,-16.368,|[53, 54, 57, 59, 61, 62]|
59,53.550,-16.368,|[54, 55, 58, 62, 63, 152]|
60,64.050,-20.005,|[56, 57, 61, 64, 65]|
61,59.850,-20.005,|[57, 58, 60, 62, 65, 66]|
62,55.650,-20.005,|[58, 59, 61, 63, 66, 67]|
63,51.450,-20.005,|[59, 62, 67, 152, 156, 160]|
64,66.150,-23.642,|[60, 65, 68]|
65,61.950,-23.642,|[60, 61, 64, 66, 68, 69]|
66,57.750,-23.642,|[61, 62, 65, 67, 69, 70]|
67,53.550,-23.642,|[62, 63, 66, 70, 71, 160]|
68,64.050,-27.280,|[64, 65, 69, 72, 73]|
69,59.850,-27.280,|[65, 66, 68, 70, 73, 74]|
70,55.650,-27.280,|[66, 67, 69, 71, 74, 75]|
71,51.450,-27.280,|[67, 70, 75, 160, 164, 168]|
72,66.150,-30.917,|[68, 73, 76]|
73,61.950,-30.917,|[68, 69, 72, 74, 76, 77]|
74,57.750,-30.917,|[69, 70, 73, 75, 77, 78]|
75,53.550,-30.917,|[70, 71, 74, 78, 79, 168]|
76,64.050,-34.554,|[72, 73, 77]|
77,59.850,-34.554,|[73, 74, 76, 78]|
78,55.650,-34.554,|[74, 75, 77, 79]|
79,51.450,-34.554,|[75, 78, 168, 172, 176]|
80,49.350,49.104,|[81, 84]|
81,45.150,49.104,|[80, 82, 84, 85]|
82,40.950,49.104,|[81, 83, 85, 86]|
83,36.750,49.104,|[82, 86, 87, 208]|
84,47.250,45.466,|[80, 81, 85, 88, 89]|
85,43.050,45.466,|[81, 82, 84, 86, 89, 90]|
86,38.850,45.466,|[82, 83, 85, 87, 90, 91]|
87,34.650,45.466,|[83, 86, 91, 208, 212, 216]|
88,49.350,41.829,|[84, 89, 92]|
89,45.150,41.829,|[84, 85, 88, 90, 92, 93]|
90,40.950,41.829,|[85, 86, 89, 91, 93, 94]|
91,36.750,41.829,|[86, 87, 90, 94, 95, 216]|
92,47.250,38.192,|[88, 89, 93, 96, 97]|
93,43.050,38.192,|[89, 90, 92, 94, 97, 98]|
94,38.850,38.192,|[90, 91, 93, 95, 98, 99]|
95,34.650,38.192,|[91, 94, 99, 216, 220, 224]|
96,49.350,34.554,|[3, 7, 92, 97, 100]|
97,45.150,34.554,|[92, 93, 96, 98, 100, 101]|
98,40.950,34.554,|[93, 94, 97, 99, 101, 102]|
99,36.750,34.554,|[94, 95, 98, 102, 103, 224]|
100,47.250,30.917,|[7, 96, 97, 101, 104, 105]|
101,43.050,30.917,|[97, 98, 100, 102, 105, 106]|
102,38.850,30.917,|[98, 99, 101, 103, 106, 107]|
103,34.650,30.917,|[99, 102, 107, 224, 228, 232]|
104,49.350,27.280,|[7, 11, 15, 100, 105, 108]|
105,45.150,27.280,|[100, 101, 104, 106, 108, 109]|
106,40.950,27.280,|[101, 102, 105, 107, 109, 110]|
107,36.750,27.280,|[102, 103, 106, 110, 111, 232]|
108,47.250,23.642,|[15, 104, 105, 109, 112, 113]|
109,43.050,23.642,|[105, 106, 108, 110, 113, 114]|
110,38.850,23.642,|[106, 107, 109, 111, 114, 115]|
111,34.650,23.642,|[107, 110, 115, 232, 236, 240]|
112,49.350,20.005,|[15, 19, 23, 108, 113, 116]|
113,45.150,20.005,|[108, 109, 112, 114, 116, 117]|
114,40.950,20.005,|[109, 110, 113, 115, 117, 118]|
115,36.750,20.005,|[110, 111, 114, 118, 119, 240]|
116,47.250,16.368,|[23, 112, 113, 117, 120, 121]|
117,43.050,16.368,|[113, 114, 116, 118, 121, 122]|
118,38.850,16.368,|[114, 115, 117, 119, 122, 123]|
119,34.650,16.368,|[115, 118, 123, 240, 244, 248]|
120,49.350,12.731,|[23, 27, 31, 116, 121, 124]|
121,45.150,12.731,|[116, 117, 120, 122, 124, 125]|
122,40.950,12.731,|[117, 118, 121, 123, 125, 126]|
123,36.750,12.731,|[118, 119, 122, 126, 127, 248]|
124,47.250,9.093,|[31, 120, 121, 125, 128, 129]|
125,43.050,9.093,|[121, 122, 124, 126, 129, 130]|
126,38.850,9.093,|[122, 123, 125, 127, 130, 131]|
127,34.650,9.093,|[123, 126, 131, 248, 252, 256]|
128,49.350,5.456,|[31, 35, 39, 124, 129, 132]|
129,45.150,5.456,|[124, 125, 128, 130, 132, 133]|
130,40.950,5.456,|[125, 126, 129, 131, 133, 134]|
131,36.750,5.456,|[126, 127, 130, 134, 135, 256]|
132,47.250,1.819,|[39, 128, 129, 133, 136, 137]|
133,43.050,1.819,|[129, 130, 132, 134, 137, 138]|
134,38.850,1.819,|[130, 131, 133, 135, 138, 139]|
135,34.650,1.819,|[131, 134, 139, 256, 260, 264]|
136,49.350,-1.819,|[39, 43, 47, 132, 137, 140]|
137,45.150,-1.819,|[132, 133, 136, 138, 140, 141]|
138,40.950,-1.819,|[133, 134, 137, 139, 141, 142]|
139,36.750,-1.819,|[134, 135, 138, 142, 143, 264]|
140,47.250,-5.456,|[47, 136, 137, 141, 144, 145]|
141,43.050,-5.456,|[137, 138, 140, 142, 145, 146]|
142,38.850,-5.456,|[138, 139, 141, 143, 146, 147]|
143,34.650,-5.456,|[139, 142, 147, 264, 268, 272]|
144,49.350,-9.093,|[47, 51, 55, 140, 145, 148]|
145,45.150,-9.093,|[140, 141, 144, 146, 148, 149]|
146,40.950,-9.093,|[141, 142, 145, 147, 149, 150]|
147,36.750,-9.093,|[142, 143, 146, 150, 151, 272]|
148,47.250,-12.731,|[55, 144, 145, 149, 152, 153]|
149,43.050,-12.731,|[145, 146, 148, 150, 153, 154]|
150,38.850,-12.731,|[146, 147, 149, 151, 154, 155]|
151,34.650,-12.731,|[147, 150, 155, 272, 276, 280]|
152,49.350,-16.368,|[55, 59, 63, 148, 153, 156]|
153,45.150,-16.368,|[148, 149, 152, 154, 156, 157]|
154,40.950,-16.368,|[149, 150, 153, 155, 157, 158]|
155,36.750,-16.368,|[150, 151, 154, 158, 159, 280]|
156,47.250,-20.005,|[63, 152, 153, 157, 160, 161]|
157,43.050,-20.005,|[153, 154, 156, 158, 161, 162]|
158,38.850,-20.005,|[154, 155, 157, 159, 162, 163]|
159,34.650,-20.005,|[155, 158, 163, 280, 284, 288]|
160,49.350,-23.642,|[63, 67, 71, 156, 161, 164]|
161,45.150,-23.642,|[156, 157, 160, 162, 164, 165]|
162,40.950,-23.642,|[157, 158, 161, 163, 165, 166]|
163,36.750,-23.642,|[158, 159, 162, 166, 167, 288]|
164,47.250,-27.280,|[71, 160, 161, 165, 168, 169]|
165,43.050,-27.280,|[161, 162, 164, 166, 169, 170]|
166,38.850,-27.280,|[162, 163, 165, 167, 170, 171]|
167,34.650,-27.280,|[163, 166, 171, 288, 292, 296]|
168,49.350,-30.917,|[71, 75, 79, 164, 169, 172]|
169,45.150,-30.917,|[164, 165, 168, 170, 172, 173]|
170,40.950,-30.917,|[165, 166, 169, 171, 173, 174]|
171,36.750,-30.917,|[166, 167, 170, 174, 175, 296]|
172,47.250,-34.554,|[79, 168, 169, 173, 176, 177]|
173,43.050,-34.554,|[169, 170, 172, 174, 177, 178]|
174,38.850,-34.554,|[170, 171, 173, 175, 178, 179]|
175,34.650,-34.554,|[171, 174, 179, 296, 300, 304]|
176,49.350,-38.192,|[79, 172, 177, 180]|
177,45.150,-38.192,|[172, 173, 176, 178, 180, 181]|
178,40.950,-38.192,|[173, 174, 177, 179, 181, 182]|
179,36.750,-38.192,|[174, 175, 178, 182, 183, 304]|
180,47.250,-41.829,|[176, 177, 181, 184, 185]|
181,43.050,-41.829,|[177, 178, 180, 182, 185, 186]|
182,38.850,-41.829,|[178, 179, 181, 183, 186, 187]|
183,34.650,-41.829,|[179, 182, 187, 304, 308, 312]|
184,49.350,-45.466,|[180, 185, 188]|
185,45.150,-45.466,|[180, 181, 184, 186, 188, 189]|
186,40.950,-45.466,|[181, 182, 185, 187, 189, 190]|
187,36.750,-45.466,|[182, 183, 186, 190, 191, 312]|
188,47.250,-49.104,|[184, 185, 189]|
189,43.050,-49.104,|[185, 186, 188, 190]|
190,38.850,-49.104,|[186, 187, 189, 191]|
191,34.650,-49.104,|[187, 190, 312, 316, 320]|
192,32.550,63.653,|[193, 196]|
193,28.350,63.653,|[192, 194, 196, 197]|
194,24.150,63.653,|[193, 195, 197, 198]|
195,19.950,63.653,|[194, 198, 199, 336]|
196,30.450,60.016,|[192, 193, 197, 200, 201]|
197,26.250,60.016,|[193, 194, 196, 198, 201, 202]|
198,22.050,60.016,|[194, 195, 197, 199, 202, 203]|
199,17.850,60.016,|[195, 198, 203, 336, 340, 344]|
200,32.550,56.378,|[196, 201, 204]|
201,28.350,56.378,|[196, 197, 200, 202, 204, 205]|
202,24.150,56.378,|[197, 198, 201, 203, 205, 206]|
203,19.950,56.378,|[198, 199, 202, 206, 207, 344]|
204,30.450,52.741,|[200, 201, 205, 208, 209]|
205,26.250,52.741,|[201, 202, 204, 206, 209, 210]|
206,22.050,52.741,|[202, 203, 205, 207, 210, 211]|
207,17.850,52.741,|[203, 206, 211, 344, 348, 352]|
208,32.550,49.104,|[83, 87, 204, 209, 212]|
209,28.350,49.104,|[204, 205, 208, 210, 212, 213]|
210,24.150,49.104,|[205, 206, 209, 211, 213, 214]|
211,19.950,49.104,|[206, 207, 210, 214, 215, 352]|
212,30.450,45.466,|[87, 208, 209, 213, 216, 217]|
213,26.250,45.466,|[209, 210, 212, 214, 217, 218]|
214,22.050,45.466,|[210, 211, 213, 215, 218, 219]|
215,17.850,45.466,|[211, 214, 219, 352, 356, 360]|
216,32.550,41.829,|[87, 91, 95, 212, 217, 220]|
217,28.350,41.829,|[212, 213, 216, 218, 220, 221]|
218,24.150,41.829,|[213, 214, 217, 219, 221, 222]|
219,19.950,41.829,|[214, 215, 218, 222, 223, 360]|
220,30.450,38.192,|[95, 216, 217, 221, 224, 225]|
221,26.250,38.192,|[217, 218, 220, 222, 225, 226]|
222,22.050,38.192,|[218, 219, 221, 223, 226, 227]|
223,17.850,38.192,|[219, 222, 227, 360, 364, 368]|
224,32.550,34.554,|[95, 99, 103, 220, 225, 228]|
225,28.350,34.554,|[220, 221, 224, 226, 228, 229]|
226,24.150,34.554,|[221, 222, 225, 227, 229, 230]|
227,19.950,34.554,|[222, 223, 226, 230, 231, 368]|
228,30.450,30.917,|[103, 224, 225, 229, 232, 233]|
229,26.250,30.917,|[225, 226, 228, 230, 233, 234]|
230,22.050,30.917,|[226, 227, 229, 231, 234, 235]|
231,17.850,30.917,|[227, 230, 235, 368, 372, 376]|
232,32.550,27.280,|[103, 107, 111, 228, 233, 236]|
233,28.350,27.280,|[228, 229, 232, 234, 236, 237]|
234,24.150,27.280,|[229, 230, 233, 235, 237, 238]|
235,19.950,27.280,|[230, 231, 234, 238, 239, 376]|
236,30.450,23.642,|[111, 232, 233, 237, 240, 241]|
237,26.250,23.642,|[233, 234, 236, 238, 241, 242]|
238,22.050,23.642,|[234, 235, 237, 239, 242, 243]|
239,17.850,23.642,|[235, 238, 243, 376, 380, 384]|
240,32.550,20.005,|[111, 115, 119, 236, 241, 244]|
241,28.350,20.005,|[236, 237, 240, 242, 244, 245]|
242,24.150,20.005,|[237, 238, 241, 243, 245, 246]|
243,19.950,20.005,|[238, 239, 242, 246, 247, 384]|
244,30.450,16.368,|[119, 240, 241, 245, 248, 249]|
245,26.250,16.368,|[241, 242, 244, 246, 249, 250]|
246,22.050,16.368,|[242, 243, 245, 247, 250, 251]|
247,17.850,16.368,|[243, 246, 251, 384, 388, 392]|
248,32.550,12.731,|[119, 123, 127, 244, 249, 252]|
249,28.350,12.731,|[244, 245, 248, 250, 252, 253]|
250,24.150,12.731,|[245, 246, 249, 251, 253, 254]|
251,19.950,12.731,|[246, 247, 250, 254, 255, 392]|
252,30.450,9.093,|[127, 248, 249, 253, 256, 257]|
253,26.250,9.093,|[249, 250, 252, 254, 257, 258]|
254,22.050,9.093,|[250, 251, 253, 255, 258, 259]|
255,17.850,9.093,|[251, 254, 259, 392, 396, 400]|
256,32.550,5.456,|[127, 131, 135, 252, 257, 260]|
257,28.350,5.456,|[252, 253, 256, 258, 260, 261]|
258,24.150,5.456,|[253, 254, 257, 259, 261, 262]|
259,19.950,5.456,|[254, 255, 258, 262, 263, 400]|
260,30.450,1.819,|[135, 256, 257, 261, 264, 265]|
261,26.250,1.819,|[257, 258, 260, 262, 265, 266]|
262,22.050,1.819,|[258, 259, 261, 263, 266, 267]|
263,17.850,1.819,|[259, 262, 267, 400, 404, 408]|
264,32.550,-1.819,|[135, 139, 143, 260, 265, 268]|
265,28.350,-1.819,|[260, 261, 264, 266, 268, 269]|
266,24.150,-1.819,|[261, 262, 265, 267, 269, 270]|
267,19.950,-1.819,|[262, 263, 266, 270, 271, 408]|
268,30.450,-5.456,|[143, 264, 265, 269, 272, 273]|
269,26.250,-5.456,|[265, 266, 268, 270, 273, 274]|
270,22.050,-5.456,|[266, 267, 269, 271, 274, 275]|
271,17.850,-5.456,|[267, 270, 275, 408, 412, 416]|
272,32.550,-9.093,|[143, 147, 151, 268, 273, 276]|
273,28.350,-9.093,|[268, 269, 272, 274, 276, 277]|
274,24.150,-9.093,|[269, 270, 273, 275, 277, 278]|
275,19.950,-9.093,|[270, 271, 274, 278, 279, 416]|
276,30.450,-12.731,|[151, 272, 273, 277, 280, 281]|
277,26.250,-12.731,|[273, 274, 276, 278, 281, 282]|
278,22.050,-12.731,|[274, 275, 277, 279, 282, 283]|
279,17.850,-12.731,|[275, 278, 283, 416, 420, 424]|
280,32.550,-16.368,|[151, 155, 159, 276, 281, 284]|
281,28.350,-16.368,|[276, 277, 280, 282, 284, 285]|
282,24.150,-16.368,|[277, 278, 281, 283, 285, 286]|
283,19.950,-16.368,|[278, 279, 282, 286, 287, 424]|
284,30.450,-20.005,|[159, 280, 281, 285, 288, 289]|
285,26.250,-20.005,|[281, 282, 284, 286, 289, 290]|
286,22.050,-20.005,|[282, 283, 285, 287, 290, 291]|
287,17.850,-20.005,|[283, 286, 291, 424, 428, 432]|
288,32.550,-23.642,|[159, 163, 167, 284, 289, 292]|
289,28.350,-23.642,|[284, 285, 288, 290, 292, 293]|
290,24.150,-23.642,|[285, 286, 289, 291, 293, 294]|
291,19.950,-23.642,|[286, 287, 290, 294, 295, 432]|
292,30.450,-27.280,|[167, 288, 289, 293, 296, 297]|
293,26.250,-27.280,|[289, 290, 292, 294, 297, 298]|
294,22.050,-27.280,|[290, 291, 293, 295, 298, 299]|
295,17.850,-27.280,|[291, 294, 299, 432, 436, 440]|
296,32.550,-30.917,|[167, 171, 175, 292, 297, 300]|
297,28.350,-30.917,|[292, 293, 296, 298, 300, 301]|
298,24.150,-30.917,|[293, 294, 297, 299, 301, 302]|
299,19.950,-30.917,|[294, 295, 298, 302, 303, 440]|
300,30.450,-34.554,|[175, 296, 297, 301, 304, 305]|
301,26.250,-34.554,|[297, 298, 300, 302, 305, 306]|
302,22.050,-34.554,|[298, 299, 301, 303, 306, 307]|
303,17.850,-34.554,|[299, 302, 307, 440, 444, 448]|
304,32.550,-38.192,|[175, 179, 183, 300, 305, 308]|
305,28.350,-38.192,|[300, 301, 304, 306, 308, 309]|
306,24.150,-38.192,|[301, 302, 305, 307, 309, 310]|
307,19.950,-38.192,|[302, 303, 306, 310, 311, 448]|
308,30.450,-41.829,|[183, 304, 305, 309, 312, 313]|
309,26.250,-41.829,|[305, 306, 308, 310, 313, 314]|
310,22.050,-41.829,|[306, 307, 309, 311, 314, 315]|
311,17.850,-41.829,|[307, 310, 315, 448, 452, 456]|
312,32.550,-45.466,|[183, 187, 191, 308, 313, 316]|
313,28.350,-45.466,|[308, 309, 312, 314, 316, 317]|
314,24.150,-45.466,|[309, 310, 313, 315, 317, 318]|
315,19.950,-45.466,|[310, 311, 314, 318, 319, 456]|
316,30.450,-49.104,|[191, 312, 313, 317, 320, 321]|
317,26.250,-49.104,|[313, 314, 316, 318, 321, 322]|
318,22.050,-49.104,|[314, 315, 317, 319, 322, 323]|
319,17.850,-49.104,|[315, 318, 323, 456, 460, 464]|
320,32.550,-52.741,|[191, 316, 321, 324]|
321,28.350,-52.741,|[316, 317, 320, 322, 324, 325]|
322,24.150,-52.741,|[317, 318, 321, 323, 325, 326]|
323,19.950,-52.741,|[318, 319, 322, 326, 327, 464]|
324,30.450,-56.378,|[320, 321, 325, 328, 329]|
325,26.250,-56.378,|[321, 322, 324, 326, 329, 330]|
326,22.050,-56.378,|[322, 323, 325, 327, 330, 331]|
327,17.850,-56.378,|[323, 326, 331, 464, 468, 472]|
328,32.550,-60.016,|[324, 329, 332]|
329,28.350,-60.016,|[324, 325, 328, 330, 332, 333]|
330,24.150,-60.016,|[325, 326, 329, 331, 333, 334]|
331,19.950,-60.016,|[326, 327, 330, 334, 335, 472]|
332,30.450,-63.653,|[328, 329, 333]|
333,26.250,-63.653,|[329, 330, 332, 334]|
334,22.050,-63.653,|[330, 331, 333, 335]|
335,17.850,-63.653,|[331, 334, 472, 476]|
336,15.750,63.653,|[195, 199, 337, 340]|
337,11.550,63.653,|[336, 338, 340, 341]|
338,7.350,63.653,|[337, 339, 341, 342]|
339,3.150,63.653,|[338, 342, 343, 480]|
340,13.650,60.016,|[199, 336, 337, 341, 344, 345]|
341,9.450,60.016,|[337, 338, 340, 342, 345, 346]|
342,5.250,60.016,|[338, 339, 341, 343, 346, 347]|
343,1.050,60.016,|[339, 342, 347, 480, 484, 488]|
344,15.750,56.378,|[199, 203, 207, 340, 345, 348]|
345,11.550,56.378,|[340, 341, 344, 346, 348, 349]|
346,7.350,56.378,|[341, 342, 345, 347, 349, 350]|
347,3.150,56.378,|[342, 343, 346, 350, 351, 488]|
348,13.650,52.741,|[207, 344, 345, 349, 352, 353]|
349,9.450,52.741,|[345, 346, 348, 350, 353, 354]|
350,5.250,52.741,|[346, 347, 349, 351, 354, 355]|
351,1.050,52.741,|[347, 350, 355, 488, 492, 496]|
352,15.750,49.104,|[207, 211, 215, 348, 353, 356]|
353,11.550,49.104,|[348, 349, 352, 354, 356, 357]|
354,7.350,49.104,|[349, 350, 353, 355, 357, 358]|
355,3.150,49.104,|[350, 351, 354, 358, 359, 496]|
356,13.650,45.466,|[215, 352, 353, 357, 360, 361]|
357,9.450,45.466,|[353, 354, 356, 358, 361, 362]|
358,5.250,45.466,|[354, 355, 357, 359, 362, 363]|
359,1.050,45.466,|[355, 358, 363, 496, 500, 504]|
360,15.750,41.829,|[215, 219, 223, 356, 361, 364]|
361,11.550,41.829,|[356, 357, 360, 362, 364, 365]|
362,7.350,41.829,|[357, 358, 361, 363, 365, 366]|
363,3.150,41.829,|[358, 359, 362, 366, 367, 504]|
364,13.650,38.192,|[223, 360, 361, 365, 368, 369]|
365,9.450,38.192,|[361, 362, 364, 366, 369, 370]|
366,5.250,38.192,|[362, 363, 365, 367, 370, 371]|
367,1.050,38.192,|[363, 366, 371, 504, 508, 512]|
368,15.750,34.554,|[223, 227, 231, 364, 369, 372]|
369,11.550,34.554,|[364, 365, 368, 370, 372, 373]|
370,7.350,34.554,|[365, 366, 369, 371, 373, 374]|
371,3.150,34.554,|[366, 367, 370, 374, 375, 512]|
372,13.650,30.917,|[231, 368, 369, 373, 376, 377]|
373,9.450,30.917,|[369, 370, 372, 374, 377, 378]|
374,5.250,30.917,|[370, 371, 373, 375, 378, 379]|
375,1.050,30.917,|[371, 374, 379, 512, 516, 520]|
376,15.750,27.280,|[231, 235, 239, 372, 377, 380]|
377,11.550,27.280,|[372, 373, 376, 378, 380, 381]|
378,7.350,27.280,|[373, 374, 377, 379, 381, 382]|
379,3.150,27.280,|[374, 375, 378, 382, 383, 520]|
380,13.650,23.642,|[239, 376, 377, 381, 384, 385]|
381,9.450,23.642,|[377, 378, 380, 382, 385, 386]|
382,5.250,23.642,|[378, 379, 381, 383, 386, 387]|
383,1.050,23.642,|[379, 382, 387, 520, 524, 528]|
384,15.750,20.005,|[239, 243, 247, 380, 385, 388]|
385,11.550,20.005,|[380, 381, 384, 386, 388, 389]|
386,7.350,20.005,|[381, 382, 385, 387, 389, 390]|
387,3.150,20.005,|[382, 383, 386, 390, 391, 528]|
388,13.650,16.368,|[247, 384, 385, 389, 392, 393]|
389,9.450,16.368,|[385, 386, 388, 390, 393, 394]|
390,5.250,16.368,|[386, 387, 389, 391, 394, 395]|
391,1.050,16.368,|[387, 390, 395, 528, 532, 536]|
392,15.750,12.731,|[247, 251, 255, 388, 393, 396]|
393,11.550,12.731,|[388, 389, 392, 394, 396, 397]|
394,7.350,12.731,|[389, 390, 393, 395, 397, 398]|
395,3.150,12.731,|[390, 391, 394, 398, 399, 536]|
396,13.650,9.093,|[255, 392, 393, 397, 400, 401]|
397,9.450,9.093,|[393, 394, 396, 398, 401, 402]|
398,5.250,9.093,|[394, 395, 397, 399, 402, 403]|
399,1.050,9.093,|[395, 398, 403, 536, 540, 544]|
400,15.750,5.456,|[255, 259, 263, 396, 401, 404]|
401,11.550,5.456,|[396, 397, 400, 402, 404, 405]|
402,7.350,5.456,|[397, 398, 401, 403, 405, 406]|
403,3.150,5.456,|[398, 399, 402, 406, 407, 544]|
404,13.650,1.819,|[263, 400, 401, 405, 408, 409]|
405,9.450,1.819,|[401, 402, 404, 406, 409, 410]|
406,5.250,1.819,|[402, 403, 405, 407, 410, 411]|
407,1.050,1.819,|[403, 406, 411, 544, 548, 552]|
408,15.750,-1.819,|[263, 267, 271, 404, 409, 412]|
409,11.550,-1.819,|[404, 405, 408, 410, 412, 413]|
410,7.350,-1.819,|[405, 406, 409, 411, 413, 414]|
411,3.150,-1.819,|[406, 407, 410, 414, 415, 552]|
412,13.650,-5.456,|[271, 408, 409, 413, 416, 417]|
413,9.450,-5.456,|[409, 410, 412, 414, 417, 418]|
414,5.250,-5.456,|[410, 411, 413, 415, 418, 419]|
415,1.050,-5.456,|[411, 414, 419, 552, 556, 560]|
416,15.750,-9.093,|[271, 275, 279, 412, 417, 420]|
417,11.550,-9.093,|[412, 413, 416, 418, 420, 421]|
418,7.350,-9.093,|[413, 414, 417, 419, 421, 422]|
419,3.150,-9.093,|[414, 415, 418, 422, 423, 560]|
420,13.650,-12.731,|[279, 416, 417, 421, 424, 425]|
421,9.450,-12.731,|[417, 418, 420, 422, 425, 426]|
422,5.250,-12.731,|[418, 419, 421, 423, 426, 427]|
423,1.050,-12.731,|[419, 422, 427, 560, 564, 568]|
424,15.750,-16.368,|[279, 283, 287, 420, 425, 428]|
425,11.550,-16.368,|[420, 421, 424, 426, 428, 429]|
426,7.350,-16.368,|[421, 422, 425, 427, 429, 430]|
427,3.150,-16.368,|[422, 423, 426, 430, 431, 568]|
428,13.650,-20.005,|[287, 424, 425, 429, 432, 433]|
429,9.450,-20.005,|[425, 426, 428, 430, 433, 434]|
430,5.250,-20.005,|[426, 427, 429, 431, 434, 435]|
431,1.050,-20.005,|[427, 430, 435, 568, 572, 576]|
432,15.750,-23.642,|[287, 291, 295, 428, 433, 436]|
433,11.550,-23.642,|[428, 429, 432, 434, 436, 437]|
434,7.350,-23.642,|[429, 430, 433, 435, 437, 438]|
435,3.150,-23.642,|[430, 431, 434, 438, 439, 576]|
436,13.650,-27.280,|[295, 432, 433, 437, 440, 441]|
437,9.450,-27.280,|[433, 434, 436, 438, 441, 442]|
438,5.250,-27.280,|[434, 435, 437, 439, 442, 443]|
439,1.050,-27.280,|[435, 438, 443, 576, 580, 584]|
440,15.750,-30.917,|[295, 299, 303, 436, 441, 444]|
441,11.550,-30.917,|[436, 437, 440, 442, 444, 445]|
442,7.350,-30.917,|[437, 438, 441, 443, 445, 446]|
443,3.150,-30.917,|[438, 439, 442, 446, 447, 584]|
444,13.650,-34.554,|[303, 440, 441, 445, 448, 449]|
445,9.450,-34.554,|[441, 442, 444, 446, 449, 450]|
446,5.250,-34.554,|[442, 443, 445, 447, 450, 451]|
447,1.050,-34.554,|[443, 446, 451, 584, 588, 592]|
448,15.750,-38.192,|[303, 307, 311, 444, 449, 452]|
449,11.550,-38.192,|[444, 445, 448, 450, 452, 453]|
450,7.350,-38.192,|[445, 446, 449, 451, 453, 454]|
451,3.150,-38.192,|[446, 447, 450, 454, 455, 592]|
452,13.650,-41.829,|[311, 448, 449, 453, 456, 457]|
453,9.450,-41.829,|[449, 450, 452, 454, 457, 458]|
454,5.250,-41.829,|[450, 451, 453, 455, 458, 459]|
455,1.050,-41.829,|[451, 454, 459, 592, 596, 600]|
456,15.750,-45.466,|[311, 315, 319, 452, 457, 460]|
457,11.550,-45.466,|[452, 453, 456, 458, 460, 461]|
458,7.350,-45.466,|[453, 454, 457, 459, 461, 462]|
459,3.150,-45.466,|[454, 455, 458, 462, 463, 600]|
460,13.650,-49.104,|[319, 456, 457, 461, 464, 465]|
461,9.450,-49.104,|[457, 458, 460, 462, 465, 466]|
462,5.250,-49.104,|[458, 459, 461, 463, 466, 467]|
463,1.050,-49.104,|[459, 462, 467, 600, 604, 608]|
464,15.750,-52.741,|[319, 323, 327, 460, 465, 468]|
465,11.550,-52.741,|[460, 461, 464, 466, 468, 469]|
466,7.350,-52.741,|[461, 462, 465, 467, 469, 470]|
467,3.150,-52.741,|[462, 463, 466, 470, 471, 608]|
468,13.650,-56.378,|[327, 464, 465, 469, 472, 473]|
469,9.450,-56.378,|[465, 466, 468, 470, 473, 474]|
470,5.250,-56.378,|[466, 467, 469, 471, 474, 475]|
471,1.050,-56.378,|[467, 470, 475, 608, 612, 616]|
472,15.750,-60.016,|[327, 331, 335, 468, 473, 476]|
473,11.550,-60.016,|[468, 469, 472, 474, 476, 477]|
474,7.350,-60.016,|[469, 470, 473, 475, 477, 478]|
475,3.150,-60.016,|[470, 471, 474, 478, 479, 616]|
476,13.650,-63.653,|[335, 472, 473, 477]|
477,9.450,-63.653,|[473, 474, 476, 478]|
478,5.250,-63.653,|[474, 475, 477, 479]|
479,1.050,-63.653,|[475, 478, 616, 620]|
480,-1.050,63.653,|[339, 343, 481, 484]|
481,-5.250,63.653,|[480, 482, 484, 485]|
482,-9.450,63.653,|[481, 483, 485, 486]|
483,-13.650,63.653,|[482, 486, 487, 624]|
484,-3.150,60.016,|[343, 480, 481, 485, 488, 489]|
485,-7.350,60.016,|[481, 482, 484, 486, 489, 490]|
486,-11.550,60.016,|[482, 483, 485, 487, 490, 491]|
487,-15.750,60.016,|[483, 486, 491, 624, 628, 632]|
488,-1.050,56.378,|[343, 347, 351, 484, 489, 492]|
489,-5.250,56.378,|[484, 485, 488, 490, 492, 493]|
490,-9.450,56.378,|[485, 486, 489, 491, 493, 494]|
491,-13.650,56.378,|[486, 487, 490, 494, 495, 632]|
492,-3.150,52.741,|[351, 488, 489, 493, 496, 497]|
493,-7.350,52.741,|[489, 490, 492, 494, 497, 498]|
494,-11.550,52.741,|[490, 491, 493, 495, 498, 499]|
495,-15.750,52.741,|[491, 494, 499, 632, 636, 640]|
496,-1.050,49.104,|[351, 355, 359, 492, 497, 500]|
497,-5.250,49.104,|[492, 493, 496, 498, 500, 501]|
498,-9.450,49.104,|[493, 494, 497, 499, 501, 502]|
499,-13.650,49.104,|[494, 495, 498, 502, 503, 640]|
500,-3.150,45.466,|[359, 496, 497, 501, 504, 505]|
501,-7.350,45.466,|[497, 498, 500, 502, 505, 506]|
502,-11.550,45.466,|[498, 499, 501, 503, 506, 507]|
503,-15.750,45.466,|[499, 502, 507, 640, 644, 648]|
504,-1.050,41.829,|[359, 363, 367, 500, 505, 508]|
505,-5.250,41.829,|[500, 501, 504, 506, 508, 509]|
506,-9.450,41.829,|[501, 502, 505, 507, 509, 510]|
507,-13.650,41.829,|[502, 503, 506, 510, 511, 648]|
508,-3.150,38.192,|[367, 504, 505, 509, 512, 513]|
509,-7.350,38.192,|[505, 506, 508, 510, 513, 514]|
510,-11.550,38.192,|[506, 507, 509, 511, 514, 515]|
511,-15.750,38.192,|[507, 510, 515, 648, 652, 656]|
512,-1.050,34.554,|[367, 371, 375, 508, 513, 516]|
513,-5.250,34.554,|[508, 509, 512, 514, 516, 517]|
514,-9.450,34.554,|[509, 510, 513, 515, 517, 518]|
515,-13.650,34.554,|[510, 511, 514, 518, 519, 656]|
516,-3.150,30.917,|[375, 512, 513, 517, 520, 521]|
517,-7.350,30.917,|[513, 514, 516, 518, 521, 522]|
518,-11.550,30.917,|[514, 515, 517, 519, 522, 523]|
519,-15.750,30.917,|[515, 518, 523, 656, 660, 664]|
520,-1.050,27.280,|[375, 379, 383, 516, 521, 524]|
521,-5.250,27.280,|[516, 517, 520, 522, 524, 525]|
522,-9.450,27.280,|[517, 518, 521, 523, 525, 526]|
523,-13.650,27.280,|[518, 519, 522, 526, 527, 664]|
524,-3.150,23.642,|[383, 520, 521, 525, 528, 529]|
525,-7.350,23.642,|[521, 522, 524, 526, 529, 530]|
526,-11.550,23.642,|[522, 523, 525, 527, 530, 531]|
527,-15.750,23.642,|[523, 526, 531, 664, 668, 672]|
528,-1.050,20.005,|[383, 387, 391, 524, 529, 532]|
529,-5.250,20.005,|[524, 525, 528, 530, 532, 533]|
530,-9.450,20.005,|[525, 526, 529, 531, 533, 534]|
531,-13.650,20.005,|[526, 527, 530, 534, 535, 672]|
532,-3.150,16.368,|[391, 528, 529, 533, 536, 537]|
533,-7.350,16.368,|[529, 530, 532, 534, 537, 538]|
534,-11.550,16.368,|[530, 531, 533, 535, 538, 539]|
535,-15.750,16.368,|[531, 534, 539, 672, 676, 680]|
536,-1.050,12.731,|[391, 395, 399, 532, 537, 540]|
537,-5.250,12.731,|[532, 533, 536, 538, 540, 541]|
538,-9.450,12.731,|[533, 534, 537, 539, 541, 542]|
539,-13.650,12.731,|[534, 535, 538, 542, 543, 680]|
540,-3.150,9.093,|[399, 536, 537, 541, 544, 545]|
541,-7.350,9.093,|[537, 538, 540, 542, 545, 546]|
542,-11.550,9.093,|[538, 539, 541, 543, 546, 547]|
543,-15.750,9.093,|[539, 542, 547, 680, 684, 688]|
544,-1.050,5.456,|[399, 403, 407, 540, 545, 548]|
545,-5.250,5.456,|[540, 541, 544, 546, 548, 549]|
546,-9.450,5.456,|[541, 542, 545, 547, 549, 550]|
547,-13.650,5.456,|[542, 543, 546, 550, 551, 688]|
548,-3.150,1.819,|[407, 544, 545, 549, 552, 553]|
549,-7.350,1.819,|[545, 546, 548, 550, 553, 554]|
550,-11.550,1.819,|[546, 547, 549, 551, 554, 555]|
551,-15.750,1.819,|[547, 550, 555, 688, 692, 696]|
552,-1.050,-1.819,|[407, 411, 415, 548, 553, 556]|
553,-5.250,-1.819,|[548, 549, 552, 554, 556, 557]|
554,-9.450,-1.819,|[549, 550, 553, 555, 557, 558]|
555,-13.650,-1.819,|[550, 551, 554, 558, 559, 696]|
556,-3.150,-5.456,|[415, 552, 553, 557, 560, 561]|
557,-7.350,-5.456,|[553, 554, 556, 558, 561, 562]|
558,-11.550,-5.456,|[554, 555, 557, 559, 562, 563]|
559,-15.750,-5.456,|[555, 558, 563, 696, 700, 704]|
560,-1.050,-9.093,|[415, 419, 423, 556, 561, 564]|
561,-5.250,-9.093,|[556, 557, 560, 562, 564, 565]|
562,-9.450,-9.093,|[557, 558, 561, 563, 565, 566]|
563,-13.650,-9.093,|[558, 559, 562, 566, 567, 704]|
564,-3.150,-12.731,|[423, 560, 561, 565, 568, 569]|
565,-7.350,-12.731,|[561, 562, 564, 566, 569, 570]|
566,-11.550,-12.731,|[562, 563, 565, 567, 570, 571]|
567,-15.750,-12.731,|[563, 566, 571, 704, 708, 712]|
568,-1.050,-16.368,|[423, 427, 431, 564, 569, 572]|
569,-5.250,-16.368,|[564, 565, 568, 570, 572, 573]|
570,-9.450,-16.368,|[565, 566, 569, 571, 573, 574]|
571,-13.650,-16.368,|[566, 567, 570, 574, 575, 712]|
572,-3.150,-20.005,|[431, 568, 569, 573, 576, 577]|
573,-7.350,-20.005,|[569, 570, 572, 574, 577, 578]|
574,-11.550,-20.005,|[570, 571, 573, 575, 578, 579]|
575,-15.750,-20.005,|[571, 574, 579, 712, 716, 720]|
576,-1.050,-23.642,|[431, 435, 439, 572, 577, 580]|
577,-5.250,-23.642,|[572, 573, 576, 578, 580, 581]|
578,-9.450,-23.642,|[573, 574, 577, 579, 581, 582]|
579,-13.650,-23.642,|[574, 575, 578, 582, 583, 720]|
580,-3.150,-27.280,|[439, 576, 577, 581, 584, 585]|
581,-7.350,-27.280,|[577, 578, 580, 582, 585, 586]|
582,-11.550,-27.280,|[578, 579, 581, 583, 586, 587]|
583,-15.750,-27.280,|[579, 582, 587, 720, 724, 728]|
584,-1.050,-30.917,|[439, 443, 447, 580, 585, 588]|
585,-5.250,-30.917,|[580, 581, 584, 586, 588, 589]|
586,-9.450,-30.917,|[581, 582, 585, 587, 589, 590]|
587,-13.650,-30.917,|[582, 583, 586, 590, 591, 728]|
588,-3.150,-34.554,|[447, 584, 585, 589, 592, 593]|
589,-7.350,-34.554,|[585, 586, 588, 590, 593, 594]|
590,-11.550,-34.554,|[586, 587, 589, 591, 594, 595]|
591,-15.750,-34.554,|[587, 590, 595, 728, 732, 736]|
592,-1.050,-38.192,|[447, 451, 455, 588, 593, 596]|
593,-5.250,-38.192,|[588, 589, 592, 594, 596, 597]|
594,-9.450,-38.192,|[589, 590, 593, 595, 597, 598]|
595,-13.650,-38.192,|[590, 591, 594, 598, 599, 736]|
596,-3.150,-41.829,|[455, 592, 593, 597, 600, 601]|
597,-7.350,-41.829,|[593, 594, 596, 598, 601, 602]|
598,-11.550,-41.829,|[594, 595, 597, 599, 602, 603]|
599,-15.750,-41.829,|[595, 598, 603, 736, 740, 744]|
600,-1.050,-45.466,|[455, 459, 463, 596, 601, 604]|
601,-5.250,-45.466,|[596, 597, 600, 602, 604, 605]|
602,-9.450,-45.466,|[597, 598, 601, 603, 605, 606]|
603,-13.650,-45.466,|[598, 599, 602, 606, 607, 744]|
604,-3.150,-49.104,|[463, 600, 601, 605, 608, 609]|
605,-7.350,-49.104,|[601, 602, 604, 606, 609, 610]|
606,-11.550,-49.104,|[602, 603, 605, 607, 610, 611]|
607,-15.750,-49.104,|[603, 606, 611, 744, 748, 752]|
608,-1.050,-52.741,|[463, 467, 471, 604, 609, 612]|
609,-5.250,-52.741,|[604, 605, 608, 610, 612, 613]|
610,-9.450,-52.741,|[605, 606, 609, 611, 613, 614]|
611,-13.650,-52.741,|[606, 607, 610, 614, 615, 752]|
612,-3.150,-56.378,|[471, 608, 609, 613, 616, 617]|
613,-7.350,-56.378,|[609, 610, 612, 614, 617, 618]|
614,-11.550,-56.378,|[610, 611, 613, 615, 618, 619]|
615,-15.750,-56.378,|[611, 614, 619, 752, 756, 760]|
616,-1.050,-60.016,|[471, 475, 479, 612, 617, 620]|
617,-5.250,-60.016,|[612, 613, 616, 618, 620, 621]|
618,-9.450,-60.016,|[613, 614, 617, 619, 621, 622]|
619,-13.650,-60.016,|[614, 615, 618, 622, 623, 760]|
620,-3.150,-63.653,|[479, 616, 617, 621]|
621,-7.350,-63.653,|[617, 618, 620, 622]|
622,-11.550,-63.653,|[618, 619, 621, 623]|
623,-15.750,-63.653,|[619, 622, 760, 764]|
624,-17.850,63.653,|[483, 487, 625, 628]|
625,-22.050,63.653,|[624, 626, 628, 629]|
626,-26.250,63.653,|[625, 627, 629, 630]|
627,-30.450,63.653,|[626, 630, 631]|
628,-19.950,60.016,|[487, 624, 625, 629, 632, 633]|
629,-24.150,60.016,|[625, 626, 628, 630, 633, 634]|
630,-28.350,60.016,|[626, 627, 629, 631, 634, 635]|
631,-32.550,60.016,|[627, 630, 635]|
632,-17.850,56.378,|[487, 491, 495, 628, 633, 636]|
633,-22.050,56.378,|[628, 629, 632, 634, 636, 637]|
634,-26.250,56.378,|[629, 630, 633, 635, 637, 638]|
635,-30.450,56.378,|[630, 631, 634, 638, 639]|
636,-19.950,52.741,|[495, 632, 633, 637, 640, 641]|
637,-24.150,52.741,|[633, 634, 636, 638, 641, 642]|
638,-28.350,52.741,|[634, 635, 637, 639, 642, 643]|
639,-32.550,52.741,|[635, 638, 643, 768]|
640,-17.850,49.104,|[495, 499, 503, 636, 641, 644]|
641,-22.050,49.104,|[636, 637, 640, 642, 644, 645]|
642,-26.250,49.104,|[637, 638, 641, 643, 645, 646]|
643,-30.450,49.104,|[638, 639, 642, 646, 647, 768]|
644,-19.950,45.466,|[503, 640, 641, 645, 648, 649]|
645,-24.150,45.466,|[641, 642, 644, 646, 649, 650]|
646,-28.350,45.466,|[642, 643, 645, 647, 650, 651]|
647,-32.550,45.466,|[643, 646, 651, 768, 772, 776]|
648,-17.850,41.829,|[503, 507, 511, 644, 649, 652]|
649,-22.050,41.829,|[644, 645, 648, 650, 652, 653]|
650,-26.250,41.829,|[645, 646, 649, 651, 653, 654]|
651,-30.450,41.829,|[646, 647, 650, 654, 655, 776]|
652,-19.950,38.192,|[511, 648, 649, 653, 656, 657]|
653,-24.150,38.192,|[649, 650, 652, 654, 657, 658]|
654,-28.350,38.192,|[650, 651, 653, 655, 658, 659]|
655,-32.550,38.192,|[651, 654, 659, 776, 780, 784]|
656,-17.850,34.554,|[511, 515, 519, 652, 657, 660]|
657,-22.050,34.554,|[652, 653, 656, 658, 660, 661]|
658,-26.250,34.554,|[653, 654, 657, 659, 661, 662]|
659,-30.450,34.554,|[654, 655, 658, 662, 663, 784]|
660,-19.950,30.917,|[519, 656, 657, 661, 664, 665]|
661,-24.150,30.917,|[657, 658, 660, 662, 665, 666]|
662,-28.350,30.917,|[658, 659, 661, 663, 666, 667]|
663,-32.550,30.917,|[659, 662, 667, 784, 788, 792]|
664,-17.850,27.280,|[519, 523, 527, 660, 665, 668]|
665,-22.050,27.280,|[660, 661, 664, 666, 668, 669]|
666,-26.250,27.280,|[661, 662, 665, 667, 669, 670]|
667,-30.450,27.280,|[662, 663, 666, 670, 671, 792]|
668,-19.950,23.642,|[527, 664, 665, 669, 672, 673]|
669,-24.150,23.642,|[665, 666, 668, 670, 673, 674]|
670,-28.350,23.642,|[666, 667, 669, 671, 674, 675]|
671,-32.550,23.642,|[667, 670, 675, 792, 796, 800]|
672,-17.850,20.005,|[527, 531, 535, 668, 673, 676]|
673,-22.050,20.005,|[668, 669, 672, 674, 676, 677]|
674,-26.250,20.005,|[669, 670, 673, 675, 677, 678]|
675,-30.450,20.005,|[670, 671, 674, 678, 679, 800]|
676,-19.950,16.368,|[535, 672, 673, 677, 680, 681]|
677,-24.150,16.368,|[673, 674, 676, 678, 681, 682]|
678,-28.350,16.368,|[674, 675, 677, 679, 682, 683]|
679,-32.550,16.368,|[675, 678, 683, 800, 804, 808]|
680,-17.850,12.731,|[535, 539, 543, 676, 681, 684]|
681,-22.050,12.731,|[676, 677, 680, 682, 684, 685]|
682,-26.250,12.731,|[677, 678, 681, 683, 685, 686]|
683,-30.450,12.731,|[678, 679, 682, 686, 687, 808]|
684,-19.950,9.093,|[543, 680, 681, 685, 688, 689]|
685,-24.150,9.093,|[681, 682, 684, 686, 689, 690]|
686,-28.350,9.093,|[682, 683, 685, 687, 690, 691]|
687,-32.550,9.093,|[683, 686, 691, 808, 812, 816]|
688,-17.850,5.456,|[543, 547, 551, 684, 689, 692]|
689,-22.050,5.456,|[684, 685, 688, 690, 692, 693]|
690,-26.250,5.456,|[685, 686, 689, 691, 693, 694]|
691,-30.450,5.456,|[686, 687, 690, 694, 695, 816]|
692,-19.950,1.819,|[551, 688, 689, 693, 696, 697]|
693,-24.150,1.819,|[689, 690, 692, 694, 697, 698]|
694,-28.350,1.819,|[690, 691, 693, 695, 698, 699]|
695,-32.550,1.819,|[691, 694, 699, 816, 820, 824]|
696,-17.850,-1.819,|[551, 555, 559, 692, 697, 700]|
697,-22.050,-1.819,|[692, 693, 696, 698, 700, 701]|
698,-26.250,-1.819,|[693, 694, 697, 699, 701, 702]|
699,-30.450,-1.819,|[694, 695, 698, 702, 703, 824]|
700,-19.950,-5.456,|[559, 696, 697, 701, 704, 705]|
701,-24.150,-5.456,|[697, 698, 700, 702, 705, 706]|
702,-28.350,-5.456,|[698, 699, 701, 703, 706, 707]|
703,-32.550,-5.456,|[699, 702, 707, 824, 828, 832]|
704,-17.850,-9.093,|[559, 563, 567, 700, 705, 708]|
705,-22.050,-9.093,|[700, 701, 704, 706, 708, 709]|
706,-26.250,-9.093,|[701, 702, 705, 707, 709, 710]|
707,-30.450,-9.093,|[702, 703, 706, 710, 711, 832]|
708,-19.950,-12.731,|[567, 704, 705, 709, 712, 713]|
709,-24.150,-12.731,|[705, 706, 708, 710, 713, 714]|
710,-28.350,-12.731,|[706, 707, 709, 711, 714, 715]|
711,-32.550,-12.731,|[707, 710, 715, 832, 836, 840]|
712,-17.850,-16.368,|[567, 571, 575, 708, 713, 716]|
713,-22.050,-16.368,|[708, 709, 712, 714, 716, 717]|
714,-26.250,-16.368,|[709, 710, 713, 715, 717, 718]|
715,-30.450,-16.368,|[710, 711, 714, 718, 719, 840]|
716,-19.950,-20.005,|[575, 712, 713, 717, 720, 721]|
717,-24.150,-20.005,|[713, 714, 716, 718, 721, 722]|
718,-28.350,-20.005,|[714, 715, 717, 719, 722, 723]|
719,-32.550,-20.005,|[715, 718, 723, 840, 844, 848]|
720,-17.850,-23.642,|[575, 579, 583, 716, 721, 724]|
721,-22.050,-23.642,|[716, 717, 720, 722, 724, 725]|
722,-26.250,-23.642,|[717, 718, 721, 723, 725, 726]|
723,-30.450,-23.642,|[718, 719, 722, 726, 727, 848]|
724,-19.950,-27.280,|[583, 720, 721, 725, 728, 729]|
725,-24.150,-27.280,|[721, 722, 724, 726, 729, 730]|
726,-28.350,-27.280,|[722, 723, 725, 727, 730, 731]|
727,-32.550,-27.280,|[723, 726, 731, 848, 852, 856]|
728,-17.850,-30.917,|[583, 587, 591, 724, 729, 732]|
729,-22.050,-30.917,|[724, 725, 728, 730, 732, 733]|
730,-26.250,-30.917,|[725, 726, 729, 731, 733, 734]|
731,-30.450,-30.917,|[726, 727, 730, 734, 735, 856]|
732,-19.950,-34.554,|[591, 728, 729, 733, 736, 737]|
733,-24.150,-34.554,|[729, 730, 732, 734, 737, 738]|
734,-28.350,-34.554,|[730, 731, 733, 735, 738, 739]|
735,-32.550,-34.554,|[731, 734, 739, 856, 860, 864]|
736,-17.850,-38.192,|[591, 595, 599, 732, 737, 740]|
737,-22.050,-38.192,|[732, 733, 736, 738, 740, 741]|
738,-26.250,-38.192,|[733, 734, 737, 739, 741, 742]|
739,-30.450,-38.192,|[734, 735, 738, 742, 743, 864]|
740,-19.950,-41.829,|[599, 736, 737, 741, 744, 745]|
741,-24.150,-41.829,|[737, 738, 740, 742, 745, 746]|
742,-28.350,-41.829,|[738, 739, 741, 743, 746, 747]|
743,-32.550,-41.829,|[739, 742, 747, 864, 868, 872]|
744,-17.850,-45.466,|[599, 603, 607, 740, 745, 748]|
745,-22.050,-45.466,|[740, 741, 744, 746, 748, 749]|
746,-26.250,-45.466,|[741, 742, 745, 747, 749, 750]|
747,-30.450,-45.466,|[742, 743, 746, 750, 751, 872]|
748,-19.950,-49.104,|[607, 744, 745, 749, 752, 753]|
749,-24.150,-49.104,|[745, 746, 748, 750, 753, 754]|
750,-28.350,-49.104,|[746, 747, 749, 751, 754, 755]|
751,-32.550,-49.104,|[747, 750, 755, 872, 876]|
752,-17.850,-52.741,|[607, 611, 615, 748, 753, 756]|
753,-22.050,-52.741,|[748, 749, 752, 754, 756, 757]|
754,-26.250,-52.741,|[749, 750, 753, 755, 757, 758]|
755,-30.450,-52.741,|[750, 751, 754, 758, 759]|
756,-19.950,-56.378,|[615, 752, 753, 757, 760, 761]|
757,-24.150,-56.378,|[753, 754, 756, 758, 761, 762]|
758,-28.350,-56.378,|[754, 755, 757, 759, 762, 763]|
759,-32.550,-56.378,|[755, 758, 763]|
760,-17.850,-60.016,|[615, 619, 623, 756, 761, 764]|
761,-22.050,-60.016,|[756, 757, 760, 762, 764, 765]|
762,-26.250,-60.016,|[757, 758, 761, 763, 765, 766]|
763,-30.450,-60.016,|[758, 759, 762, 766, 767]|
764,-19.950,-63.653,|[623, 760, 761, 765]|
765,-24.150,-63.653,|[761, 762, 764, 766]|
766,-28.350,-63.653,|[762, 763, 765, 767]|
767,-32.550,-63.653,|[763, 766]|
768,-34.650,49.104,|[639, 643, 647, 769, 772]|
769,-38.850,49.104,|[768, 770, 772, 773]|
770,-43.050,49.104,|[769, 771, 773, 774]|
771,-47.250,49.104,|[770, 774, 775]|
772,-36.750,45.466,|[647, 768, 769, 773, 776, 777]|
773,-40.950,45.466,|[769, 770, 772, 774, 777, 778]|
774,-45.150,45.466,|[770, 771, 773, 775, 778, 779]|
775,-49.350,45.466,|[771, 774, 779]|
776,-34.650,41.829,|[647, 651, 655, 772, 777, 780]|
777,-38.850,41.829,|[772, 773, 776, 778, 780, 781]|
778,-43.050,41.829,|[773, 774, 777, 779, 781, 782]|
779,-47.250,41.829,|[774, 775, 778, 782, 783]|
780,-36.750,38.192,|[655, 776, 777, 781, 784, 785]|
781,-40.950,38.192,|[777, 778, 780, 782, 785, 786]|
782,-45.150,38.192,|[778, 779, 781, 783, 786, 787]|
783,-49.350,38.192,|[779, 782, 787, 880]|
784,-34.650,34.554,|[655, 659, 663, 780, 785, 788]|
785,-38.850,34.554,|[780, 781, 784, 786, 788, 789]|
786,-43.050,34.554,|[781, 782, 785, 787, 789, 790]|
787,-47.250,34.554,|[782, 783, 786, 790, 791, 880]|
788,-36.750,30.917,|[663, 784, 785, 789, 792, 793]|
789,-40.950,30.917,|[785, 786, 788, 790, 793, 794]|
790,-45.150,30.917,|[786, 787, 789, 791, 794, 795]|
791,-49.350,30.917,|[787, 790, 795, 880, 884, 888]|
792,-34.650,27.280,|[663, 667, 671, 788, 793, 796]|
793,-38.850,27.280,|[788, 789, 792, 794, 796, 797]|
794,-43.050,27.280,|[789, 790, 793, 795, 797, 798]|
795,-47.250,27.280,|[790, 791, 794, 798, 799, 888]|
796,-36.750,23.642,|[671, 792, 793, 797, 800, 801]|
797,-40.950,23.642,|[793, 794, 796, 798, 801, 802]|
798,-45.150,23.642,|[794, 795, 797, 799, 802, 803]|
799,-49.350,23.642,|[795, 798, 803, 888, 892, 896]|
800,-34.650,20.005,|[671, 675, 679, 796, 801, 804]|
801,-38.850,20.005,|[796, 797, 800, 802, 804, 805]|
802,-43.050,20.005,|[797, 798, 801, 803, 805, 806]|
803,-47.250,20.005,|[798, 799, 802, 806, 807, 896]|
804,-36.750,16.368,|[679, 800, 801, 805, 808, 809]|
805,-40.950,16.368,|[801, 802, 804, 806, 809, 810]|
806,-45.150,16.368,|[802, 803, 805, 807, 810, 811]|
807,-49.350,16.368,|[803, 806, 811, 896, 900, 904]|
808,-34.650,12.731,|[679, 683, 687, 804, 809, 812]|
809,-38.850,12.731,|[804, 805, 808, 810, 812, 813]|
810,-43.050,12.731,|[805, 806, 809, 811, 813, 814]|
811,-47.250,12.731,|[806, 807, 810, 814, 815, 904]|
812,-36.750,9.093,|[687, 808, 809, 813, 816, 817]|
813,-40.950,9.093,|[809, 810, 812, 814, 817, 818]|
814,-45.150,9.093,|[810, 811, 813, 815, 818, 819]|
815,-49.350,9.093,|[811, 814, 819, 904, 908, 912]|
816,-34.650,5.456,|[687, 691, 695, 812, 817, 820]|
817,-38.850,5.456,|[812, 813, 816, 818, 820, 821]|
818,-43.050,5.456,|[813, 814, 817, 819, 821, 822]|
819,-47.250,5.456,|[814, 815, 818, 822, 823, 912]|
820,-36.750,1.819,|[695, 816, 817, 821, 824, 825]|
821,-40.950,1.819,|[817, 818, 820, 822, 825, 826]|
822,-45.150,1.819,|[818, 819, 821, 823, 826, 827]|
823,-49.350,1.819,|[819, 822, 827, 912, 916, 920]|
824,-34.650,-1.819,|[695, 699, 703, 820, 825, 828]|
825,-38.850,-1.819,|[820, 821, 824, 826, 828, 829]|
826,-43.050,-1.819,|[821, 822, 825, 827, 829, 830]|
827,-47.250,-1.819,|[822, 823, 826, 830, 831, 920]|
828,-36.750,-5.456,|[703, 824, 825, 829, 832, 833]|
829,-40.950,-5.456,|[825, 826, 828, 830, 833, 834]|
830,-45.150,-5.456,|[826, 827, 829, 831, 834, 835]|
831,-49.350,-5.456,|[827, 830, 835, 920, 924, 928]|
832,-34.650,-9.093,|[703, 707, 711, 828, 833, 836]|
833,-38.850,-9.093,|[828, 829, 832, 834, 836, 837]|
834,-43.050,-9.093,|[829, 830, 833, 835, 837, 838]|
835,-47.250,-9.093,|[830, 831, 834, 838, 839, 928]|
836,-36.750,-12.731,|[711, 832, 833, 837, 840, 841]|
837,-40.950,-12.731,|[833, 834, 836, 838, 841, 842]|
838,-45.150,-12.731,|[834, 835, 837, 839, 842, 843]|
839,-49.350,-12.731,|[835, 838, 843, 928, 932, 936]|
840,-34.650,-16.368,|[711, 715, 719, 836, 841, 844]|
841,-38.850,-16.368,|[836, 837, 840, 842, 844, 845]|
842,-43.050,-16.368,|[837, 838, 841, 843, 845, 846]|
843,-47.250,-16.368,|[838, 839, 842, 846, 847, 936]|
844,-36.750,-20.005,|[719, 840, 841, 845, 848, 849]|
845,-40.950,-20.005,|[841, 842, 844, 846, 849, 850]|
846,-45.150,-20.005,|[842, 843, 845, 847, 850, 851]|
847,-49.350,-20.005,|[843, 846, 851, 936, 940, 944]|
848,-34.650,-23.642,|[719, 723, 727, 844, 849, 852]|
849,-38.850,-23.642,|[844, 845, 848, 850, 852, 853]|
850,-43.050,-23.642,|[845, 846, 849, 851, 853, 854]|
851,-47.250,-23.642,|[846, 847, 850, 854, 855, 944]|
852,-36.750,-27.280,|[727, 848, 849, 853, 856, 857]|
853,-40.950,-27.280,|[849, 850, 852, 854, 857, 858]|
854,-45.150,-27.280,|[850, 851, 853, 855, 858, 859]|
855,-49.350,-27.280,|[851, 854, 859, 944, 948, 952]|
856,-34.650,-30.917,|[727, 731, 735, 852, 857, 860]|
857,-38.850,-30.917,|[852, 853, 856, 858, 860, 861]|
858,-43.050,-30.917,|[853, 854, 857, 859, 861, 862]|
859,-47.250,-30.917,|[854, 855, 858, 862, 863, 952]|
860,-36.750,-34.554,|[735, 856, 857, 861, 864, 865]|
861,-40.950,-34.554,|[857, 858, 860, 862, 865, 866]|
862,-45.150,-34.554,|[858, 859, 861, 863, 866, 867]|
863,-49.350,-34.554,|[859, 862, 867, 952, 956]|
864,-34.650,-38.192,|[735, 739, 743, 860, 865, 868]|
865,-38.850,-38.192,|[860, 861, 864, 866, 868, 869]|
866,-43.050,-38.192,|[861, 862, 865, 867, 869, 870]|
867,-47.250,-38.192,|[862, 863, 866, 870, 871]|
868,-36.750,-41.829,|[743, 864, 865, 869, 872, 873]|
869,-40.950,-41.829,|[865, 866, 868, 870, 873, 874]|
870,-45.150,-41.829,|[866, 867, 869, 871, 874, 875]|
871,-49.350,-41.829,|[867, 870, 875]|
872,-34.650,-45.466,|[743, 747, 751, 868, 873, 876]|
873,-38.850,-45.466,|[868, 869, 872, 874, 876, 877]|
874,-43.050,-45.466,|[869, 870, 873, 875, 877, 878]|
875,-47.250,-45.466,|[870, 871, 874, 878, 879]|
876,-36.750,-49.104,|[751, 872, 873, 877]|
877,-40.950,-49.104,|[873, 874, 876, 878]|
878,-45.150,-49.104,|[874, 875, 877, 879]|
879,-49.350,-49.104,|[875, 878]|
880,-51.450,34.554,|[783, 787, 791, 881, 884]|
881,-55.650,34.554,|[880, 882, 884, 885]|
882,-59.850,34.554,|[881, 883, 885, 886]|
883,-64.050,34.554,|[882, 886, 887]|
884,-53.550,30.917,|[791, 880, 881, 885, 888, 889]|
885,-57.750,30.917,|[881, 882, 884, 886, 889, 890]|
886,-61.950,30.917,|[882, 883, 885, 887, 890, 891]|
887,-66.150,30.917,|[883, 886, 891]|
888,-51.450,27.280,|[791, 795, 799, 884, 889, 892]|
889,-55.650,27.280,|[884, 885, 888, 890, 892, 893]|
890,-59.850,27.280,|[885, 886, 889, 891, 893, 894]|
891,-64.050,27.280,|[886, 887, 890, 894, 895]|
892,-53.550,23.642,|[799, 888, 889, 893, 896, 897]|
893,-57.750,23.642,|[889, 890, 892, 894, 897, 898]|
894,-61.950,23.642,|[890, 891, 893, 895, 898, 899]|
895,-66.150,23.642,|[891, 894, 899]|
896,-51.450,20.005,|[799, 803, 807, 892, 897, 900]|
897,-55.650,20.005,|[892, 893, 896, 898, 900, 901]|
898,-59.850,20.005,|[893, 894, 897, 899, 901, 902]|
899,-64.050,20.005,|[894, 895, 898, 902, 903]|
900,-53.550,16.368,|[807, 896, 897, 901, 904, 905]|
901,-57.750,16.368,|[897, 898, 900, 902, 905, 906]|
902,-61.950,16.368,|[898, 899, 901, 903, 906, 907]|
903,-66.150,16.368,|[899, 902, 907]|
904,-51.450,12.731,|[807, 811, 815, 900, 905, 908]|
905,-55.650,12.731,|[900, 901, 904, 906, 908, 909]|
906,-59.850,12.731,|[901, 902, 905, 907, 909, 910]|
907,-64.050,12.731,|[902, 903, 906, 910, 911]|
908,-53.550,9.093,|[815, 904, 905, 909, 912, 913]|
909,-57.750,9.093,|[905, 906, 908, 910, 913, 914]|
910,-61.950,9.093,|[906, 907, 909, 911, 914, 915]|
911,-66.150,9.093,|[907, 910, 915]|
912,-51.450,5.456,|[815, 819, 823, 908, 913, 916]|
913,-55.650,5.456,|[908, 909, 912, 914, 916, 917]|
914,-59.850,5.456,|[909, 910, 913, 915, 917, 918]|
915,-64.050,5.456,|[910, 911, 914, 918, 919]|
916,-53.550,1.819,|[823, 912, 913, 917, 920, 921]|
917,-57.750,1.819,|[913, 914, 916, 918, 921, 922]|
918,-61.950,1.819,|[914, 915, 917, 919, 922, 923]|
919,-66.150,1.819,|[915, 918, 923]|
920,-51.450,-1.819,|[823, 827, 831, 916, 921, 924]|
921,-55.650,-1.819,|[916, 917, 920, 922, 924, 925]|
922,-59.850,-1.819,|[917, 918, 921, 923, 925, 926]|
923,-64.050,-1.819,|[918, 919, 922, 926, 927]|
924,-53.550,-5.456,|[831, 920, 921, 925, 928, 929]|
925,-57.750,-5.456,|[921, 922, 924, 926, 929, 930]|
926,-61.950,-5.456,|[922, 923, 925, 927, 930, 931]|
927,-66.150,-5.456,|[923, 926, 931]|
928,-51.450,-9.093,|[831, 835, 839, 924, 929, 932]|
929,-55.650,-9.093,|[924, 925, 928, 930, 932, 933]|
930,-59.850,-9.093,|[925, 926, 929, 931, 933, 934]|
931,-64.050,-9.093,|[926, 927, 930, 934, 935]|
932,-53.550,-12.731,|[839, 928, 929, 933, 936, 937]|
933,-57.750,-12.731,|[929, 930, 932, 934, 937, 938]|
934,-61.950,-12.731,|[930, 931, 933, 935, 938, 939]|
935,-66.150,-12.731,|[931, 934, 939]|
936,-51.450,-16.368,|[839, 843, 847, 932, 937, 940]|
937,-55.650,-16.368,|[932, 933, 936, 938, 940, 941]|
938,-59.850,-16.368,|[933, 934, 937, 939, 941, 942]|
939,-64.050,-16.368,|[934, 935, 938, 942, 943]|
940,-53.550,-20.005,|[847, 936, 937, 941, 944, 945]|
941,-57.750,-20.005,|[937, 938, 940, 942, 945, 946]|
942,-61.950,-20.005,|[938, 939, 941, 943, 946, 947]|
943,-66.150,-20.005,|[939, 942, 947]|
944,-51.450,-23.642,|[847, 851, 855, 940, 945, 948]|
945,-55.650,-23.642,|[940, 941, 944, 946, 948, 949]|
946,-59.850,-23.642,|[941, 942, 945, 947, 949, 950]|
947,-64.050,-23.642,|[942, 943, 946, 950, 951]|
948,-53.550,-27.280,|[855, 944, 945, 949, 952, 953]|
949,-57.750,-27.280,|[945, 946, 948, 950, 953, 954]|
950,-61.950,-27.280,|[946, 947, 949, 951, 954, 955]|
951,-66.150,-27.280,|[947, 950, 955]|
952,-51.450,-30.917,|[855, 859, 863, 948, 953, 956]|
953,-55.650,-30.917,|[948, 949, 952, 954, 956, 957]|
954,-59.850,-30.917,|[949, 950, 953, 955, 957, 958]|
955,-64.050,-30.917,|[950, 951, 954, 958, 959]|
956,-53.550,-34.554,|[863, 952, 953, 957]|
957,-57.750,-34.554,|[953, 954, 956, 958]|
958,-61.950,-34.554,|[954, 955, 957, 959]|
959,-66.150,-34.554,|[955, 958]|
