x 1,y 1,Count 1,Telescope 1,Dangle 1,Altitude 1,x 2,y 2,Count 2,Telescope 2,Dangle 2,Altitude 2,x 3,y 3,Count 3,Telescope 3,Dangle 3,Altitude 3,x 4,y 4,Count 4,Telescope 4,Dangle 4,Altitude 4,x 5,y 5,Count 5,Telescope 5,Dangle 5,Altitude 5,True X,True Y,True Energy Per Nucleon,True Z,True Height,Detecions,Phi,Epsilon,Theta
0.0,0.0,998.61063296,lst,0.640891868325,0.377243079365,60.0,60.0,1057.98659955,mst,5.79087155572,1.30391218979,60.0,-60.0,564.164320912,mst,3.99576744436,0.812376356589,-60.0,60.0,330.624888495,mst,0.738505751239,1.58484154403,-60.0,-60.0,923.230144663,mst,2.02116698696,1.2074132454,16.1856385917,-21.877951548,599.647154527,26,23164.0403312,5,1.50779300561,4.53371529686
0.0,0.0,965.924168138,lst,3.42262773324,0.380037583254,60.0,60.0,801.207104303,mst,5.21411223583,1.11312577507,60.0,-60.0,338.002781387,mst,3.81205678641,1.62244387094,-60.0,60.0,661.69933873,mst,0.981627471822,1.03673728451,-60.0,-60.0,342.355488433,mst,2.58040568853,1.57692977905,-6.55982643241,23.9918661274,574.281707424,26,25464.455319,5,1.86925652828,4.9054034554
0.0,0.0,2091.88093414,lst,3.95281521573,0.794359506901,60.0,60.0,1340.2257301,mst,4.93274011719,1.51414409487,60.0,-60.0,47.3704168416,mst,3.93350805543,None,-60.0,60.0,465.194597593,mst,0.737082714054,0.457804340321,-60.0,-60.0,1211.5276272,mst,2.92762677377,1.48372361538,-39.0385633448,36.3931450915,1188.72882641,26,25711.7835848,4,1.33614184178,0.112470958352
0.0,0.0,740.437148246,lst,0.716646838969,0.301302256567,60.0,60.0,1021.40943609,mst,5.76789375163,1.20251516361,60.0,-60.0,597.422564203,mst,3.94337422653,0.905696740497,-60.0,60.0,1514.00083529,mst,0.77905561988,1.39883801887,-60.0,-60.0,952.049365767,mst,2.08965500728,1.17612373113,15.3908405891,-17.7044510937,303.528889159,26,21431.6130111,5,1.94913230798,0.656913746769
0.0,0.0,762.351221667,lst,2.30152931282,0.261626927704,60.0,60.0,682.048815683,mst,5.52433261652,1.09083525159,60.0,-60.0,975.519694911,mst,3.74759009826,1.3662691518,-60.0,60.0,987.705472555,mst,0.986915495473,1.29590281772,-60.0,-60.0,822.514159761,mst,2.34449543176,1.52303540307,12.7787467487,11.4321914378,477.04488996,26,24925.4850259,5,1.25435208342,1.5790859792
0.0,0.0,2513.45267052,lst,1.07447800497,0.749055822916,60.0,60.0,1178.40142218,mst,6.23037479049,1.0822974007,60.0,-60.0,517.712543525,mst,3.299384476,0.367618931553,-60.0,60.0,60.0513154785,mst,0.917602818828,None,-60.0,-60.0,1704.46690387,mst,1.83837936481,1.41739674,55.166760145,-30.4866999305,1373.48973799,26,20936.6632064,4,1.36694793544,1.24842344577
0.0,0.0,1708.05508682,lst,2.47556475605,0.677955238849,60.0,60.0,482.752339119,mst,5.36780309331,0.610414110419,60.0,-60.0,852.150837785,mst,3.45772784757,1.52043369441,-60.0,60.0,1133.98442519,mst,1.31317452785,1.32403782439,-60.0,-60.0,57.65298455,mst,2.40029372161,None,28.1110554452,35.9812047288,906.743603274,26,25174.3237949,4,1.74882025605,0.85334166103
0.0,0.0,1563.60587282,lst,0.872580524669,0.777302206644,60.0,60.0,1025.5655675,mst,6.06573586113,1.47883056304,60.0,-60.0,293.117928225,mst,3.82135450982,0.521539020169,-60.0,60.0,40.0593090159,mst,0.824432896143,None,-60.0,-60.0,306.577927425,mst,1.83432896759,1.57819661523,38.5561979128,-33.0693903901,463.346338598,26,23955.7464504,4,1.44485913138,4.88341316776
0.0,0.0,956.800226727,lst,1.33084984796,0.208152403114,60.0,60.0,922.429663504,mst,5.65628642218,1.21164887202,60.0,-60.0,822.928653551,mst,3.81808362607,1.03345537234,-60.0,60.0,1190.96519374,mst,0.853204852493,1.47657636747,-60.0,-60.0,1158.81195311,mst,2.22957404256,1.34970011701,13.7391620818,-3.47563608363,763.117077246,26,25522.6034535,5,1.88000063039,3.2372469705
0.0,0.0,674.058653764,lst,5.86242082402,0.341309270023,60.0,60.0,287.862338041,mst,5.57938401871,1.57709474055,60.0,-60.0,820.366078291,mst,4.22522813113,1.22442773782,-60.0,60.0,1144.93073219,mst,0.561585410577,1.41925277786,-60.0,-60.0,562.161124447,mst,2.24295524671,0.982872735139,-9.86777677501,-21.3881031894,270.210608374,26,21384.6643381,5,1.80337501205,5.8797091708
0.0,0.0,4389.14607464,lst,2.58635240222,1.04649982474,60.0,60.0,531.845558177,mst,3.58172963394,0.260094180991,60.0,-60.0,464.196793502,mst,3.21093566917,1.58704191353,-60.0,60.0,1541.51059581,mst,1.74064952264,1.178502394,-60.0,-60.0,37.1579033676,mst,2.47060346162,None,50.3319353084,80.6238270455,1413.73592717,26,19415.4313209,4,1.2667470894,0.978054391114
0.0,0.0,1370.05078786,lst,3.27813411351,0.374227003445,60.0,60.0,838.356361931,mst,5.17367586561,0.958363772482,60.0,-60.0,1505.02113243,mst,3.76155746591,1.44084961662,-60.0,60.0,719.950576476,mst,1.05247314981,1.0047225384,-60.0,-60.0,1396.01834359,mst,2.56566981444,1.47575135455,-3.61532638538,28.0552142482,955.673667881,26,25342.4510239,5,1.1885657063,4.17552650664
0.0,0.0,842.166638278,lst,1.11425570376,0.457169316134,60.0,60.0,818.602923114,mst,5.83244079905,1.39631941935,60.0,-60.0,561.720751561,mst,3.77085559303,1.00708724146,-60.0,60.0,63.1218712172,mst,0.862753457975,None,-60.0,-60.0,269.350249357,mst,2.10431458287,1.65707605051,24.1438963437,-11.8115424934,351.294169576,26,24308.5110217,4,1.36860037693,3.0501082695
0.0,0.0,2772.70771715,lst,2.75666132699,0.720243458435,60.0,60.0,768.617086036,mst,4.93526889295,0.517029773191,60.0,-60.0,1700.62434896,mst,3.472257071,1.5001741985,-60.0,60.0,1113.64933197,mst,1.46110758986,1.05898778584,-60.0,-60.0,61.406998193,mst,2.51693767405,None,20.160760326,50.9563449827,2207.98532554,26,22548.7490419,4,1.83372352532,4.9574358779
0.0,0.0,1079.47365919,lst,5.33785649766,0.541253463108,60.0,60.0,51.3698173825,mst,5.45106984405,None,60.0,-60.0,1213.82168515,mst,4.28444763835,1.42408486992,-60.0,60.0,1009.19287198,mst,0.390485755684,1.38685323583,-60.0,-60.0,481.190218826,mst,2.4680859544,0.752020385935,-27.5981640489,-20.5203757175,372.536123732,26,23615.9550866,4,1.91951036511,2.9511895862
0.0,0.0,3313.58354481,lst,0.738014305704,1.04667789196,60.0,60.0,399.339776666,mst,6.22536063884,1.61556885032,60.0,-60.0,471.567378485,mst,4.27431541807,0.128489283325,-60.0,60.0,37.3400338097,mst,0.785863871322,None,-60.0,-60.0,1018.18394656,mst,1.58651597378,1.57561902459,52.690224494,-56.4598404646,1596.669432,26,25782.4582218,4,1.2413059937,0.65491136135
0.0,0.0,608.582183633,lst,3.63464220971,0.0780464095994,60.0,60.0,941.946386681,mst,5.45155771173,1.3899741353,60.0,-60.0,1080.45223253,mst,3.91255159476,1.40658404714,-60.0,60.0,915.986854051,mst,0.791866035097,1.31845220362,-60.0,-60.0,984.663520301,mst,2.40793270604,1.33578179374,-2.00534086732,3.76520617806,500.980877096,26,25599.2366706,5,1.28031153869,2.79453225899
0.0,0.0,1553.11846775,lst,1.06230280001,0.276631227598,60.0,60.0,713.987362978,mst,5.68650324835,1.55340369738,60.0,-60.0,834.818393939,mst,3.86457411846,1.34185715581,-60.0,60.0,168.242370234,mst,0.82969054581,None,-60.0,-60.0,364.626446744,mst,2.16428129952,1.563626944,13.2965002708,-7.58875998657,1400.23762564,26,30897.6263432,4,1.23743744943,1.48783223954
0.0,0.0,2783.33375045,lst,5.69019077509,0.91646273325,60.0,60.0,38.8210002081,mst,5.59780502742,None,60.0,-60.0,1307.83705342,mst,4.65855202084,1.33894485896,-60.0,60.0,363.100222827,mst,0.218318980745,1.64033608296,-60.0,-60.0,517.143823159,mst,1.77749008063,0.298388819591,-37.0363238773,-55.2731825564,1490.08295248,26,23733.0290313,4,1.8608490045,2.61624198586
0.0,0.0,1169.78133711,lst,5.34899631669,0.236866860736,60.0,60.0,347.242281836,mst,5.47024191784,1.63328691751,60.0,-60.0,1035.93791833,mst,4.09671626845,1.45359347841,-60.0,60.0,986.919646307,mst,0.612740142897,1.45385861322,-60.0,-60.0,818.603414426,mst,2.40822137654,1.20198407198,-11.8803991016,-8.71887307369,982.090315294,26,28260.8823033,5,1.82438184542,4.62647230779
0.0,0.0,1678.46266654,lst,2.21109444259,0.768339491908,60.0,60.0,300.84720919,mst,5.7124170887,0.469072857746,60.0,-60.0,1043.79743481,mst,3.33748942034,1.36636326049,-60.0,60.0,822.764189211,mst,1.30509298629,1.53965425161,-60.0,-60.0,44.8324348701,mst,2.30249370444,None,41.9647056393,31.6028547708,447.412239995,26,22999.5761467,4,1.39936517015,5.3945691011
0.0,0.0,1556.8299937,lst,0.932835286387,0.409191442987,60.0,60.0,681.207755591,mst,5.77863626343,1.54097342939,60.0,-60.0,713.309126819,mst,3.89079713172,1.17878434381,-60.0,60.0,138.616183123,mst,0.810311484457,None,-60.0,-60.0,425.545224487,mst,2.0986908279,1.63549145204,18.6075114768,-14.0316456657,1335.1018668,26,30242.6324318,4,1.31456064767,0.896477622986
0.0,0.0,1207.17647255,lst,0.586529664809,0.398607284343,60.0,60.0,1186.49446793,mst,5.80435993894,1.2316307563,60.0,-60.0,567.12886656,mst,4.03331823079,0.710805159463,-60.0,60.0,1533.22263555,mst,0.746420555356,1.5036205929,-60.0,-60.0,898.813590368,mst,2.00139949744,1.08103006891,17.2872488888,-25.4113513293,719.686166929,26,21826.9698799,5,1.71714692862,3.34537343098
0.0,0.0,1826.12459103,lst,2.13835954468,0.740435917363,60.0,60.0,465.291297419,mst,5.75643755278,0.590209755638,60.0,-60.0,998.968477681,mst,3.36651541104,1.35710984561,-60.0,60.0,336.473006647,mst,1.24153631182,1.61292858775,-60.0,-60.0,48.2967575466,mst,2.28516140874,None,40.512758262,25.7933293822,1051.00681398,26,25644.4606086,4,1.67469204128,5.29286808242
0.0,0.0,2278.30100815,lst,4.09068498983,0.879183606294,60.0,60.0,319.869465817,mst,4.9033543448,1.58448389714,60.0,-60.0,29.561081569,mst,3.99152432703,None,-60.0,60.0,255.351873515,mst,0.274069727339,0.319459958173,-60.0,-60.0,1243.30182487,mst,3.07796288163,1.26145304382,-53.3002495753,37.7804707304,563.260120106,26,22652.7639271,4,1.28761412517,2.55448897575
0.0,0.0,865.727429049,lst,3.97208237513,0.421372528641,60.0,60.0,1108.67777743,mst,5.17414859659,1.35419174536,60.0,-60.0,363.100842266,mst,3.94114431318,1.61478484933,-60.0,60.0,535.569650965,mst,0.750930220898,0.825629130029,-60.0,-60.0,1004.74127149,mst,2.67208712172,1.22989076567,-21.9788938384,19.7178152079,341.899130964,26,22370.9461771,5,1.26730027612,3.15965726676
0.0,0.0,1455.17256818,lst,1.16455673431,0.689097974008,60.0,60.0,864.321832555,mst,6.07549200791,1.21277468749,60.0,-60.0,381.60921107,mst,3.52484337099,0.649913373448,-60.0,60.0,46.9580399669,mst,0.916220526976,None,-60.0,-60.0,896.364949943,mst,1.95371881193,1.58800349738,43.6462420901,-18.7353121645,387.90316765,26,22864.9236368,4,1.83615557711,1.93864299323
0.0,0.0,1389.55761889,lst,3.39834964644,0.589736889735,60.0,60.0,773.94151468,mst,4.98471860343,1.07429716228,60.0,-60.0,54.0394785261,mst,3.76298148968,None,-60.0,60.0,547.817852204,mst,1.1784874889,0.784695984188,-60.0,-60.0,353.924765546,mst,2.68447286608,1.63504392625,-10.3179672796,39.4146705625,679.671082101,26,23917.4712121,4,1.6742776339,0.825141021931
0.0,0.0,1580.11123804,lst,2.52385474195,0.591096433174,60.0,60.0,510.23319622,mst,5.33797573165,0.669867095928,60.0,-60.0,1243.48643872,mst,3.50125151221,1.46873929314,-60.0,60.0,1038.94952778,mst,1.27538549127,1.25713536945,-60.0,-60.0,47.6848350928,mst,2.40475186765,None,23.7584820392,33.480754143,815.654686719,26,25205.0195396,4,1.32318823921,2.34045468
0.0,0.0,739.486983116,lst,4.29639065908,0.172368176204,60.0,60.0,1010.67755661,mst,5.40782483181,1.3792576177,60.0,-60.0,1157.57353452,mst,3.95878620706,1.47614841713,-60.0,60.0,805.92051511,mst,0.733707836801,1.15624585793,-60.0,-60.0,931.65237062,mst,2.47434330937,1.27711132154,-9.79196830951,4.52404066458,681.846571935,26,25191.1866387,5,1.61210069316,5.35147286389
0.0,0.0,2783.43007598,lst,0.931914384802,0.638136203461,60.0,60.0,1249.94223436,mst,5.98897775453,1.29397522789,60.0,-60.0,888.449911242,mst,3.75418002416,0.576967305848,-60.0,60.0,109.075011355,mst,0.832599428954,None,-60.0,-60.0,1490.93333369,mst,1.91540509498,1.47395049557,35.9040901854,-26.1083415661,2717.24060166,26,24729.8496434,4,1.43758133283,4.76798186418
0.0,0.0,767.476064364,lst,1.20542940092,0.358833225237,60.0,60.0,796.885059906,mst,5.76275937744,1.24678657172,60.0,-60.0,583.675155305,mst,3.78618544855,1.01550835644,-60.0,60.0,55.5916917838,mst,0.8638746461,None,-60.0,-60.0,687.951143981,mst,2.11978908109,1.53303677357,21.5003253202,-8.6000589031,404.226615865,26,23893.8912679,4,1.65295909268,6.02930677366
0.0,0.0,1312.54484802,lst,0.678938687976,0.502709644678,60.0,60.0,1183.74430976,mst,5.87202344975,1.39355177005,60.0,-60.0,480.257481307,mst,4.02370084111,0.682159974363,-60.0,60.0,52.208109412,mst,0.737895616022,None,-60.0,-60.0,1040.67542837,mst,1.94256267496,1.16539563018,22.0507563539,-28.3878250802,664.300267481,26,23888.9128668,4,1.89703298619,2.32287833253
0.0,0.0,838.031764976,lst,5.09128689533,0.319545088091,60.0,60.0,87.5112544388,mst,5.41696592106,None,60.0,-60.0,296.868108308,mst,4.09425659688,1.62292473091,-60.0,60.0,869.33764324,mst,0.581443723096,1.4728789149,-60.0,-60.0,727.547004557,mst,2.47528183909,1.16608686569,-16.4816701707,-6.5576413103,577.213849092,26,27808.5367016,4,1.25470410558,2.99016451576
0.0,0.0,1526.43249026,lst,3.67591886058,0.657020361676,60.0,60.0,986.487126774,mst,4.93272278572,1.21344852311,60.0,-60.0,40.2976997278,mst,3.83601830332,None,-60.0,60.0,403.837154053,mst,1.11190213506,0.560744973983,-60.0,-60.0,1323.64544509,mst,2.81854040582,1.48065668095,-24.644198049,41.1105480068,528.509233028,26,22360.4840381,4,1.60024702523,5.92365797728
0.0,0.0,1414.19711266,lst,5.89995592197,0.572399980568,60.0,60.0,39.9586659529,mst,5.64054750309,None,60.0,-60.0,832.959065026,mst,4.46196381759,1.03258483203,-60.0,60.0,1447.10380085,mst,0.395419969553,1.45941403567,-60.0,-60.0,427.538462925,mst,1.99417611904,0.634980829117,-15.9798541654,-41.2899655362,539.132285764,26,21646.7610226,4,1.55925437641,3.35516775481
0.0,0.0,1554.31448343,lst,5.82383363846,0.692403932065,60.0,60.0,23.2176812096,mst,5.63042197388,None,60.0,-60.0,892.06156239,mst,4.56313312713,1.11342957007,-60.0,60.0,1530.08393743,mst,0.347338298579,1.50533022879,-60.0,-60.0,308.507369872,mst,1.91540714721,0.538244647349,-22.9625827216,-47.1129355987,353.533398985,26,20890.45979,4,1.41059650107,5.39549278675
0.0,0.0,1106.02967233,lst,4.00349155036,0.310439174946,60.0,60.0,694.666306481,mst,5.29701507748,1.52275632279,60.0,-60.0,120.829468219,mst,3.93160975866,None,-60.0,60.0,706.917756623,mst,0.77311967266,1.16928727918,-60.0,-60.0,979.069817891,mst,2.56363693815,1.48739536482,-13.5463563938,11.7381661735,901.585191793,26,27817.7487004,4,1.59636812669,1.86580213505
0.0,0.0,1434.10473771,lst,5.46334526489,0.773534061662,60.0,60.0,41.7779168051,mst,5.46311628838,None,60.0,-60.0,261.035685908,mst,4.43048997106,1.58354186946,-60.0,60.0,282.026790609,mst,0.283059190754,1.60018960621,-60.0,-60.0,367.153947753,mst,2.37627447945,0.635317519562,-33.5242947097,-31.5734894259,480.2429571,26,25387.4415284,4,1.77943197061,3.20668901603
0.0,0.0,1484.95648525,lst,1.98882272202,0.226358393485,60.0,60.0,814.865313438,mst,5.58331106705,0.999560421213,60.0,-60.0,964.692420567,mst,3.72282552621,1.10471920394,-60.0,60.0,1152.51409638,mst,0.962733848966,1.28540708455,-60.0,-60.0,1343.96131034,mst,2.2834487408,1.36285163458,15.8564880236,7.09181255115,1296.27883218,26,24418.9683776,5,1.31835957932,2.14352202213
0.0,0.0,420.875522042,lst,3.88025687001,0.0707577631029,60.0,60.0,869.336549523,mst,5.45624676831,1.14465292535,60.0,-60.0,942.490971867,mst,3.92504425833,1.19017699061,-60.0,60.0,767.708810905,mst,0.780619441059,1.08143115262,-60.0,-60.0,904.598177159,mst,2.39720161582,1.13701239483,-2.92200113116,3.29408329983,294.314785331,26,19996.6160341,5,1.46996026495,3.0720253641
0.0,0.0,1481.80204279,lst,1.57623613736,0.586516054156,60.0,60.0,557.325409656,mst,6.04159816962,0.769226628078,60.0,-60.0,632.479385819,mst,3.37198865659,0.860809676255,-60.0,60.0,1148.86540225,mst,1.05589365549,1.5488973041,-60.0,-60.0,363.0195484,mst,2.08915481212,1.61250819505,45.9779347127,0.0248793631685,454.96326438,26,22060.4879761,5,1.88217513753,0.485822816584
0.0,0.0,1310.52089676,lst,1.02281856917,0.654596537909,60.0,60.0,908.098404169,mst,5.99868854363,1.35939302975,60.0,-60.0,419.372439474,mst,3.71090271846,0.708177137287,-60.0,60.0,35.0202235128,mst,0.86018431908,None,-60.0,-60.0,281.904488399,mst,1.94593883729,1.60602604717,35.7840668688,-22.1099109242,496.967612423,26,24606.1388738,4,1.48781002515,1.30057358924
0.0,0.0,2230.58177611,lst,2.01389015269,0.818786204846,60.0,60.0,291.29503888,mst,6.20267423364,0.396417591445,60.0,-60.0,993.514685726,mst,3.1695558141,1.12153736053,-60.0,60.0,1160.68002984,mst,1.31295855196,1.52620996045,-60.0,-60.0,30.8860718755,mst,2.21476407951,None,57.531836579,27.3449648065,397.307440057,26,20456.3485028,4,1.2867685882,5.75265064414
0.0,0.0,2326.89002068,lst,0.512708387538,0.901738581878,60.0,60.0,330.924343174,mst,6.05232652776,1.60773637441,60.0,-60.0,292.748197941,mst,4.61475847028,0.352000819803,-60.0,60.0,33.1351543849,mst,0.677233339164,None,-60.0,-60.0,1118.75713149,mst,1.58821488796,1.27162542703,33.3659874761,-57.3945057638,602.432582765,26,22344.8022586,4,1.81025432274,4.40674329704
0.0,0.0,1530.9173371,lst,0.783768575179,0.689634704378,60.0,60.0,1134.3658002,mst,6.01903928608,1.47453664905,60.0,-60.0,357.178972037,mst,3.91292364982,0.597157272834,-60.0,60.0,38.4504373935,mst,0.778134188244,None,-60.0,-60.0,728.324730221,mst,1.84768261329,1.50044646569,33.2701963225,-32.9299637663,515.324362506,26,24804.1386267,4,1.33276028748,0.0392954951591
0.0,0.0,487.026187302,lst,3.16301806414,0.120508009702,60.0,60.0,816.911188274,mst,5.42749182289,1.2578053584,60.0,-60.0,1077.60375115,mst,3.87351445791,1.41340663404,-60.0,60.0,823.465690607,mst,0.854096893112,1.26766022017,-60.0,-60.0,989.752158585,mst,2.41908832259,1.41249060623,-0.127313211702,7.12107682022,414.751292005,26,23876.3873527,5,1.49962149364,5.60002948249
0.0,0.0,1011.84342715,lst,3.66735902681,0.310100068946,60.0,60.0,941.806336409,mst,5.24824159387,1.20485222418,60.0,-60.0,862.971551379,mst,3.8769721946,1.56864255065,-60.0,60.0,688.924843153,mst,0.879240608535,0.954633619639,-60.0,-60.0,1112.29139218,mst,2.57825017981,1.36172595479,-10.5737677792,18.6162489543,869.100349634,26,24469.1964431,5,1.55528029645,3.74390856032
0.0,0.0,3834.80712702,lst,5.56992143465,1.09885412788,60.0,60.0,33.3868934807,mst,5.51467342913,None,60.0,-60.0,1815.07178474,mst,4.80350955168,1.40042985044,-60.0,60.0,389.567478403,mst,6.28111873927,1.62475237912,-60.0,-60.0,149.036838659,mst,6.15629317837,0.103953719952,-61.1308946353,-69.3792830675,329.3405705,26,20370.5998818,4,1.94586572854,4.66781335938
0.0,0.0,1362.46541709,lst,1.20810119972,0.579618213194,60.0,60.0,887.18145235,mst,5.95905206274,1.16901820879,60.0,-60.0,547.446968464,mst,3.60902201073,0.768308267511,-60.0,60.0,52.2566400503,mst,0.919018744277,None,-60.0,-60.0,310.698042304,mst,2.04731014177,1.62299742703,35.6694522011,-12.3969174234,661.693537597,26,25251.3349897,4,1.81661154013,3.60655142559
0.0,0.0,1749.909132,lst,0.741364090418,0.156894644376,60.0,60.0,1097.7791109,mst,5.62900981876,1.17661034942,60.0,-60.0,866.381417661,mst,3.93387800509,1.05904877144,-60.0,60.0,1291.70503697,mst,0.788237377426,1.30703934025,-60.0,-60.0,1048.6682347,mst,2.18517097215,1.17957937412,7.83986128249,-8.38608440948,1645.94343276,26,24035.5048067,5,1.76653074111,0.869969248064
0.0,0.0,1501.79319065,lst,5.24727062106,0.676353439753,60.0,60.0,35.0618859944,mst,5.41084133571,None,60.0,-60.0,857.692953973,mst,4.37164797542,1.56022575093,-60.0,60.0,1002.25542523,mst,0.217312706457,1.23347282081,-60.0,-60.0,347.992038748,mst,2.65355436531,0.636653671186,-40.9130245263,-23.8541690015,426.803749767,26,23658.3451199,4,1.88275630691,5.49067622065
0.0,0.0,636.051903696,lst,3.3205557266,0.263050545369,60.0,60.0,795.835516374,mst,5.33692269419,1.32658601242,60.0,-60.0,60.0664026257,mst,3.83713139833,None,-60.0,60.0,711.585679636,mst,0.912807539108,1.16073390448,-60.0,-60.0,282.785408571,mst,2.47520044969,1.6121506006,-2.79317740093,14.6634574816,354.932709172,26,24756.8538,4,1.21942215105,0.740536563403
0.0,0.0,2563.32285499,lst,3.98654507286,0.484801703583,60.0,60.0,944.725667046,mst,5.19383469502,1.51827598753,60.0,-60.0,167.247190953,mst,3.95344881142,None,-60.0,60.0,910.34142987,mst,0.758683619386,0.941837992781,-60.0,-60.0,938.501294266,mst,2.69017275518,1.52888790144,-21.1554681979,18.6838823327,2436.15004622,26,29234.2254899,4,1.29956996603,6.22963037463
0.0,0.0,2127.65910098,lst,4.94496410267,0.275194705123,60.0,60.0,1495.04213196,mst,5.38692013655,1.25839146441,60.0,-60.0,1395.63789463,mst,4.12440279873,1.23534192994,-60.0,60.0,1042.0547748,mst,0.54405468012,0.974420293745,-60.0,-60.0,920.932026456,mst,2.52910991687,0.890918364839,-21.2417222711,-5.05374321282,1870.92910338,26,22664.7132049,5,1.84964270962,5.31435941798
0.0,0.0,1073.09602481,lst,2.47835274275,0.679471452735,60.0,60.0,368.034304316,mst,5.38999432787,0.773784502335,60.0,-60.0,246.339683965,mst,3.49786757647,1.64183170848,-60.0,60.0,982.879777473,mst,1.22966309092,1.49789662364,-60.0,-60.0,38.9309182469,mst,2.41106163749,None,24.4378922103,31.2305319764,291.391963982,26,22675.6445038,4,1.51766436353,5.45470020007
0.0,0.0,2215.06671422,lst,0.861379355624,0.613863984809,60.0,60.0,1269.48225264,mst,5.97742221925,1.34723175582,60.0,-60.0,692.64902145,mst,3.85792954021,0.616450703909,-60.0,60.0,84.9755410918,mst,0.813224173219,None,-60.0,-60.0,1311.97922205,mst,1.90115806127,1.44771985216,31.3938901626,-27.4813802418,1725.62096362,26,25376.3450411,4,1.82945442398,4.23916878114
0.0,0.0,1129.24254822,lst,5.51834089718,0.421957788393,60.0,60.0,346.283213139,mst,5.48196127092,1.58969973636,60.0,-60.0,1015.28635886,mst,4.25298167728,1.24157810339,-60.0,60.0,1026.57046291,mst,0.469645259196,1.31577718392,-60.0,-60.0,564.698135538,mst,2.33270896068,0.814057414105,-19.7501122011,-20.678129173,620.737371959,26,23742.870098,5,1.77365802957,4.47795641373
0.0,0.0,900.331488579,lst,5.47391816885,0.492630187557,60.0,60.0,68.1600877761,mst,5.48577979805,None,60.0,-60.0,977.506229297,mst,4.22792327966,1.50080230262,-60.0,60.0,697.281920615,mst,0.483870873615,1.53385145209,-60.0,-60.0,484.757606331,mst,2.3618393206,0.928952267744,-19.7973550946,-18.7457477716,422.400701995,26,25499.0931354,4,1.26681264767,2.84585884091
0.0,0.0,2040.54382832,lst,2.27198365296,0.773558560722,60.0,60.0,296.672576356,mst,5.69381713459,0.293772084572,60.0,-60.0,1313.47534876,mst,3.2807577673,1.26904698699,-60.0,60.0,1393.64216231,mst,1.39445278906,1.36902690013,-60.0,-60.0,39.0124213898,mst,2.33534338367,None,46.3736054427,40.168396954,569.748860044,26,20715.3150866,4,1.48230629438,1.0535869149
0.0,0.0,1512.53364434,lst,4.4058088249,0.575594766984,60.0,60.0,317.33613755,mst,5.15605175206,1.58901180734,60.0,-60.0,51.8043337548,mst,4.0637349952,None,-60.0,60.0,507.547931302,mst,0.441199306617,0.759352195938,-60.0,-60.0,822.544890187,mst,2.84938217245,1.13987746171,-37.8649134218,12.8822086489,839.470464009,26,24764.310705,4,1.42999178941,5.68544907516
0.0,0.0,2365.0769286,lst,3.61442386976,0.830546925825,60.0,60.0,1045.35045925,mst,4.74419625276,1.19542024845,60.0,-60.0,27.2253986123,mst,3.80356373953,None,-60.0,60.0,394.322913978,mst,1.49803467822,0.38527486722,-60.0,-60.0,1801.16528906,mst,2.88294138242,1.52259801362,-28.5499937871,57.7693876563,705.614897423,26,22652.6327517,4,1.20478505052,1.6401011615
0.0,0.0,2656.41037022,lst,5.3044673253,0.746346425207,60.0,60.0,70.0834204893,mst,5.43403567545,None,60.0,-60.0,924.563912928,mst,4.39533648637,1.57302543139,-60.0,60.0,1285.43713553,mst,0.219961148721,1.37659437219,-60.0,-60.0,715.304858191,mst,2.57281366247,0.541799227298,-40.794402532,-28.6223507091,2312.04668332,26,25838.6561287,4,1.45719534429,4.45493377878
0.0,0.0,581.540597941,lst,5.79250836341,0.344802048631,60.0,60.0,47.8040161915,mst,5.55986786518,None,60.0,-60.0,757.267514006,mst,4.16232392047,1.45103263656,-60.0,60.0,269.993649791,mst,0.579231965118,1.65756430055,-60.0,-60.0,575.246083948,mst,2.26062053787,1.17902886374,-8.95710966097,-16.7731865674,238.288917295,26,21942.7249274,4,1.39577159426,2.56426558431
0.0,0.0,939.212218337,lst,1.98275384462,0.538930000353,60.0,60.0,491.766351852,mst,5.74184179583,0.856912768187,60.0,-60.0,792.927588681,mst,3.51387156079,1.23250849887,-60.0,60.0,274.282331745,mst,1.11026645663,1.61102635396,-60.0,-60.0,39.614973329,mst,2.24042986985,None,31.2168521234,13.6687806143,396.407588636,26,23520.6917229,4,1.49022943722,4.40681443597
0.0,0.0,1240.03359113,lst,3.78452505989,0.526827759244,60.0,60.0,1044.79104155,mst,5.05409146223,1.19841578045,60.0,-60.0,46.623573446,mst,3.88500319295,None,-60.0,60.0,444.516074117,mst,0.928898760918,0.710700723867,-60.0,-60.0,1115.6503873,mst,2.75868822926,1.42712569507,-22.490103721,30.8416710043,526.769316471,26,23769.8770587,4,1.86845736316,4.69450451099
0.0,0.0,1276.73993909,lst,2.44588496429,0.621480352414,60.0,60.0,363.162415355,mst,5.43690118344,0.650520475645,60.0,-60.0,1093.28449108,mst,3.48124332914,1.45190447175,-60.0,60.0,1099.05156942,mst,1.24464672938,1.38678541408,-60.0,-60.0,32.4585822343,mst,2.34902110527,None,27.4600106578,31.2305880273,441.491602031,26,23404.0133172,4,1.64121187561,5.30522474733
0.0,0.0,1699.70428607,lst,0.675605612049,0.661878832703,60.0,60.0,1270.95188343,mst,5.96402631298,1.37370920853,60.0,-60.0,447.451649504,mst,4.06775204975,0.498985780985,-60.0,60.0,35.2353663756,mst,0.76668541474,None,-60.0,-60.0,1074.74336675,mst,1.81097868737,1.26273820978,30.0930692917,-37.3552760298,799.93417159,26,22931.9414934,4,1.3916487926,4.2416859173
0.0,0.0,738.041798787,lst,1.7163898068,0.219005739123,60.0,60.0,772.310877439,mst,5.64280799091,1.1402749491,60.0,-60.0,845.312274033,mst,3.74213838415,1.06967446536,-60.0,60.0,1214.39842706,mst,0.922641011872,1.36225645475,-60.0,-60.0,1302.79630544,mst,2.25421284297,1.33097996402,16.6120572545,2.48806917166,465.449260446,26,23889.59861,5,1.95423931497,2.50827229334
0.0,0.0,1379.06587865,lst,0.393702573778,0.650592799199,60.0,60.0,289.475113821,mst,5.8942507844,1.59144398514,60.0,-60.0,415.370622763,mst,4.31361647551,0.685971038982,-60.0,60.0,24.9108394584,mst,0.649044061331,None,-60.0,-60.0,798.207448338,mst,1.80335492402,1.1092480581,17.5365542966,-42.9230611515,391.383731138,26,22526.2467414,4,1.33634237035,1.70370753136
0.0,0.0,958.772679999,lst,5.47268914635,0.297141220644,60.0,60.0,891.636061236,mst,5.49959000552,1.53336400173,60.0,-60.0,1036.53492599,mst,4.15803474116,1.25117980173,-60.0,60.0,1044.45944223,mst,0.557957619383,1.19933173998,-60.0,-60.0,664.205130745,mst,2.38597422675,0.84901381017,-14.4854834908,-13.7181433102,615.752216114,26,23881.8466473,5,1.20578505872,2.01051661669
0.0,0.0,2643.08680084,lst,0.563292261646,0.832651184125,60.0,60.0,1788.44497629,mst,6.08707089461,1.45387980538,60.0,-60.0,476.464399804,mst,4.62355919055,0.282228748179,-60.0,60.0,38.9668568935,mst,0.681705646346,None,-60.0,-60.0,1242.59048118,mst,1.5883394494,1.16373388617,36.4468022241,-58.0976569059,1221.08245564,26,20574.5540188,4,1.4748773094,6.27787824602
0.0,0.0,1262.56363342,lst,5.82554281366,0.466402768012,60.0,60.0,1058.10516289,mst,5.59017070184,1.52115131539,60.0,-60.0,892.145669457,mst,4.378469468,1.04555659294,-60.0,60.0,1301.56876636,mst,0.420718999136,1.24879208699,-60.0,-60.0,506.304894162,mst,2.14377186319,0.620869044701,-16.9838861049,-32.676762222,614.675408968,26,21241.921627,5,1.34350931527,1.28260569009
0.0,0.0,1594.23674013,lst,0.974511247639,0.589620041079,60.0,60.0,1000.94039728,mst,5.93751117552,1.33392889794,60.0,-60.0,577.955005047,mst,3.76729080917,0.710069973247,-60.0,60.0,53.3496327834,mst,0.841638009553,None,-60.0,-60.0,1306.2838486,mst,1.97108410123,1.45678610583,31.8213271955,-21.7677511519,1025.64008438,26,25973.2001966,4,1.30882862619,2.75921156877
0.0,0.0,491.796265276,lst,6.20134468744,0.199768520934,60.0,60.0,724.037868691,mst,5.59074785682,1.50948781955,60.0,-60.0,806.113880786,mst,4.0657655395,1.22742329189,-60.0,60.0,261.307535731,mst,0.663156618619,1.61061931813,-60.0,-60.0,751.754787957,mst,2.23856947687,1.28835496873,-0.936619542083,-12.3722438581,306.191023163,26,23326.7121139,5,1.25457346822,4.43400552717
0.0,0.0,1693.93086868,lst,5.42672518202,0.825252826567,60.0,60.0,33.7250612802,mst,5.46924627514,None,60.0,-60.0,798.921410172,mst,4.48591208988,1.57535849459,-60.0,60.0,1158.65234871,mst,0.189121315329,1.43726522322,-60.0,-60.0,298.346456426,mst,2.48846261796,0.432923281565,-41.731251734,-35.9219530259,454.548275217,26,23261.2290289,4,1.50285003087,0.513699191644
0.0,0.0,2354.0152982,lst,4.00588279746,0.959990922698,60.0,60.0,966.901508933,mst,4.84899222976,1.53506479684,60.0,-60.0,41.8900498511,mst,3.94586176776,None,-60.0,60.0,292.31935797,mst,0.494348786146,0.242583562298,-60.0,-60.0,1352.1062497,mst,3.08461262554,1.46499079198,-51.4317207292,44.6911387341,723.209186657,26,23374.0823795,4,1.4181144013,4.72535970083
0.0,0.0,2197.99947125,lst,1.5124904259,0.199382450141,60.0,60.0,1033.29596254,mst,5.64393891946,1.08592499351,60.0,-60.0,967.995469119,mst,3.77898623974,1.12376371341,-60.0,60.0,1382.03315071,mst,0.912149938949,1.27973841647,-60.0,-60.0,1393.37354468,mst,2.2545896872,1.30872308421,15.5070449434,-1.14371344367,2070.02270913,26,25971.01799,5,1.94022520991,1.20076256682
0.0,0.0,1451.82311909,lst,2.4061488332,0.693394681132,60.0,60.0,361.889163444,mst,5.43406397634,0.600021134104,60.0,-60.0,1113.306705,mst,3.43229642318,1.49070261805,-60.0,60.0,1092.94046847,mst,1.28010285266,1.43757769814,-60.0,-60.0,41.9473328444,mst,2.35413587686,None,30.5819504697,33.827302841,558.530115629,26,24385.1890002,4,1.49311874759,4.36282434288
0.0,0.0,1052.51908576,lst,2.61090010646,0.482645629122,60.0,60.0,588.530540976,mst,5.38070540437,0.994240354672,60.0,-60.0,317.365700845,mst,3.65100375475,1.63223930363,-60.0,60.0,640.816306482,mst,1.10637805465,1.5341493125,-60.0,-60.0,52.5135174544,mst,2.41204444661,None,13.5491093911,23.1366381104,565.276941919,26,27603.9005578,4,1.23865524358,4.67689309737
0.0,0.0,415.239645105,lst,2.35822819741,0.152792335552,60.0,60.0,738.558187021,mst,5.50043690742,1.40888043033,60.0,-60.0,578.096430273,mst,3.82405490021,1.54709023845,-60.0,60.0,594.557907983,mst,0.878211735629,1.56266086333,-60.0,-60.0,54.1388397097,mst,2.38012082303,None,6.12978461581,5.97427926728,316.970298406,26,24156.3670738,4,1.56323718473,2.63360942024
0.0,0.0,1456.95553501,lst,2.28578619606,0.763386456952,60.0,60.0,338.604316128,mst,5.61155128895,0.559177250011,60.0,-60.0,1100.58511532,mst,3.39123064149,1.48383151016,-60.0,60.0,806.916278312,mst,1.27528453265,1.54181984143,-60.0,-60.0,36.0939894938,mst,2.32851925715,None,36.7506388963,31.5868337922,506.044848747,26,24214.8897777,4,1.65691403084,5.84191222937
0.0,0.0,879.809087134,lst,0.66008488597,0.440029897528,60.0,60.0,1106.97943911,mst,5.80556771318,1.46336908451,60.0,-60.0,563.38318313,mst,3.98311277732,0.920968661501,-60.0,60.0,61.1992637662,mst,0.754899089285,None,-60.0,-60.0,917.226693517,mst,2.02700653043,1.39041028825,16.814781836,-21.4408400632,498.015130495,26,24870.7710608,4,1.73121206821,4.33805833885
0.0,0.0,1065.15839608,lst,6.06399681914,0.352135154901,60.0,60.0,868.115403171,mst,5.61900570757,1.53968981393,60.0,-60.0,851.906241126,mst,4.22092136297,1.07906447035,-60.0,60.0,1214.38178343,mst,0.581131452291,1.4502966965,-60.0,-60.0,688.873245711,mst,2.15383550976,0.931785615048,-5.42661534145,-24.77282086,721.839393903,26,23891.7067422,5,1.6221677119,0.224610133807
0.0,0.0,494.867568686,lst,2.55235989499,0.147536910599,60.0,60.0,729.906470599,mst,5.45745821263,1.07880403898,60.0,-60.0,993.704323695,mst,3.78493020564,1.27634163953,-60.0,60.0,899.882422402,mst,0.91237904459,1.19828987287,-60.0,-60.0,1154.31886559,mst,2.38714473471,1.36329119565,6.57101695427,9.82456178709,323.600033501,26,21830.4917945,5,1.35824588464,2.13122320079
0.0,0.0,824.603893453,lst,0.368744062921,0.201810545184,60.0,60.0,292.155398792,mst,5.61003889212,1.60344467185,60.0,-60.0,786.221845138,mst,3.98576182845,1.34686053852,-60.0,60.0,119.825048359,mst,0.745810682109,None,-60.0,-60.0,882.114105893,mst,2.2339906968,1.46727920821,3.85501088271,-9.94602129304,795.183284682,26,28341.8584891,4,1.56908327386,1.65227267959
0.0,0.0,2404.63985734,lst,0.866501423706,0.970085194829,60.0,60.0,1320.44450388,mst,6.25640617704,1.41542739134,60.0,-60.0,109.691828391,mst,3.3633654473,0.161526764917,-60.0,60.0,25.6673045904,mst,0.825927572658,None,-60.0,-60.0,1037.02487618,mst,1.67808391251,1.55020153574,57.1997420972,-47.6030885194,234.500382852,26,18615.8402936,4,1.50166100617,4.35800762156
0.0,0.0,627.732091217,lst,4.44359238442,0.201772464124,60.0,60.0,1018.07651033,mst,5.37774175756,1.34388442013,60.0,-60.0,1135.71497008,mst,3.99400921386,1.41791894082,-60.0,60.0,739.809415422,mst,0.699046616794,1.05493725544,-60.0,-60.0,844.436933951,mst,2.50597594194,1.13375627542,-13.7298480429,3.31425465065,437.937212441,26,22730.0442811,5,1.61198749459,2.23025960669
0.0,0.0,1208.89214296,lst,0.720438189089,0.682026533077,60.0,60.0,312.902935819,mst,5.92769539645,1.61672261932,60.0,-60.0,389.988539205,mst,4.01097963341,0.818716167706,-60.0,60.0,35.6837613793,mst,0.757384022938,None,-60.0,-60.0,689.194750032,mst,1.87748381599,1.56455125115,27.1029355623,-31.6315961825,330.495216192,26,24575.5640866,4,1.9465228646,0.523651366688
0.0,0.0,659.331492812,lst,3.27037810783,0.237881096677,60.0,60.0,772.840829392,mst,5.34913050905,1.35132886078,60.0,-60.0,263.852714735,mst,3.83150176341,1.62608515275,-60.0,60.0,757.846333731,mst,0.907852437262,1.25111631175,-60.0,-60.0,277.571771306,mst,2.48196354672,1.57013299112,-1.9220148257,13.6569406035,469.1102082,26,25799.5983625,5,1.41494482875,2.38829440339
0.0,0.0,2188.46362653,lst,5.20838180115,0.5810231171,60.0,60.0,83.3799911158,mst,5.41340579475,None,60.0,-60.0,1486.73714952,mst,4.29803130298,1.4760293665,-60.0,60.0,1079.62684304,mst,0.296140633614,1.19797576408,-60.0,-60.0,736.135690983,mst,2.60051934935,0.655858520845,-35.2242514952,-18.5811843304,1895.5822508,26,25260.2015311,4,1.90181338362,2.43018068714
0.0,0.0,1112.62617205,lst,5.50926509454,0.532328829464,60.0,60.0,49.1823678821,mst,5.4948409319,None,60.0,-60.0,699.699472719,mst,4.31162058989,1.50132253931,-60.0,60.0,1084.91337079,mst,0.421381284551,1.38888029621,-60.0,-60.0,475.463580667,mst,2.35164438794,0.845634756888,-23.2345081597,-24.3189655131,509.207576528,26,25921.9652528,4,1.24163321804,0.385320584905
0.0,0.0,1055.28207579,lst,4.30665046826,0.11832275836,60.0,60.0,1049.0467155,mst,5.42861927127,1.30561869622,60.0,-60.0,1111.51837268,mst,3.95260266262,1.38771300727,-60.0,60.0,880.994631412,mst,0.757730327887,1.15027810212,-60.0,-60.0,945.364916339,mst,2.42036719289,1.25013018738,-6.22448962188,2.68692729648,955.928596519,26,25450.5717072,5,1.76473599497,0.911602128533
0.0,0.0,2278.51702405,lst,5.44494361633,0.43071251221,60.0,60.0,1130.15661147,mst,5.48359295384,1.56723567496,60.0,-60.0,1282.38411284,mst,4.28325248587,1.28155357812,-60.0,60.0,1186.05294242,mst,0.429756113896,1.14773831542,-60.0,-60.0,809.813130248,mst,2.39776077646,0.699623284315,-24.2025848429,-21.602751998,2057.94149724,26,23605.4311009,5,1.30513122083,0.931206443823
0.0,0.0,3162.16540118,lst,5.47004304274,0.940998314607,60.0,60.0,28.5410014267,mst,5.47764611274,None,60.0,-60.0,1669.47772382,mst,4.62797628674,1.44068816324,-60.0,60.0,1550.46890534,mst,0.0227850176526,1.35844474086,-60.0,-60.0,438.850879502,mst,2.67781992373,0.0882702968018,-55.8539176313,-51.7901479455,1463.9563652,26,21244.466769,4,1.27845561961,2.10357198506
0.0,0.0,1670.91958651,lst,3.95296315585,0.795341880521,60.0,60.0,1157.13674282,mst,4.91523891517,1.47504041412,60.0,-60.0,37.5282197685,mst,3.93289315976,None,-60.0,60.0,280.035691902,mst,0.741599660765,0.415170124753,-60.0,-60.0,1276.03683658,mst,2.95020368459,1.45537767285,-39.3053443254,38.1187056243,384.056564209,26,22224.6664278,4,1.7338125205,0.44993451427
0.0,0.0,1385.56691925,lst,3.55070422053,0.54547504166,60.0,60.0,865.451680126,mst,5.03081065842,1.11641826269,60.0,-60.0,47.9944782016,mst,3.81280172915,None,-60.0,60.0,543.962848762,mst,1.07455506933,0.704205977515,-60.0,-60.0,1362.39595752,mst,2.70905995395,1.49005530287,-15.6531797346,35.8447171271,820.789334313,26,23619.7431282,4,1.6165688779,4.21692200889
0.0,0.0,1109.34598379,lst,4.68070461454,0.512363681082,60.0,60.0,342.745424804,mst,5.28101937471,1.61868094191,60.0,-60.0,49.6215214003,mst,4.15875922546,None,-60.0,60.0,594.810942776,mst,0.393108112647,0.964215422975,-60.0,-60.0,664.085786321,mst,2.7560158266,1.0083268788,-35.2538388175,0.792984143811,477.670080413,26,23876.1272891,4,1.34024117277,5.21280794081
0.0,0.0,1961.47849824,lst,0.477441114302,0.707972361123,60.0,60.0,1589.89294541,mst,5.99739796421,1.4383242912,60.0,-60.0,395.765964694,mst,4.47463946051,0.424298894986,-60.0,60.0,43.68538485,mst,0.676252373233,None,-60.0,-60.0,997.326390681,mst,1.64944706179,1.04320625229,26.3752488482,-51.680515323,766.637674442,26,20509.6455676,4,1.68451818865,0.808126441535
0.0,0.0,1598.37901244,lst,2.17396958069,0.569419448292,60.0,60.0,483.988817114,mst,5.68070182233,0.64385111584,60.0,-60.0,1075.95657995,mst,3.44666602622,1.2939651839,-60.0,60.0,1355.56327478,mst,1.19930877531,1.39235979925,-60.0,-60.0,49.0828783822,mst,2.28750686579,None,34.4101671795,23.6718098749,851.423377366,26,24838.4837403,4,1.27304618662,1.40090131302
0.0,0.0,795.230562489,lst,0.795207266138,0.279023781262,60.0,60.0,997.616361774,mst,5.68342299756,1.36082205674,60.0,-60.0,720.982890581,mst,3.93351434668,1.01201618873,-60.0,60.0,87.9693733966,mst,0.785197615372,None,-60.0,-60.0,981.809306004,mst,2.1713329446,1.3924324774,11.4780199847,-11.160627491,572.102919039,26,25867.1993629,4,1.85357395267,4.06948875953
0.0,0.0,3135.89149159,lst,3.97518360417,1.07185495159,60.0,60.0,1102.62457919,mst,4.73822252725,1.55195444145,60.0,-60.0,29.5018265008,mst,3.93715122651,None,-60.0,60.0,351.783098671,mst,5.37204849792,0.0319541533777,-60.0,-60.0,1735.70592924,mst,3.15895705431,1.44210559683,-63.2409348866,57.4660655746,292.883617219,26,18982.557012,4,1.34428252846,1.66152724256
0.0,0.0,1213.62767894,lst,1.01905270395,0.600981101963,60.0,60.0,930.637968164,mst,5.98483976508,1.25074445084,60.0,-60.0,354.938887473,mst,3.73328034945,0.686997603066,-60.0,60.0,36.7785707534,mst,0.862632936669,None,-60.0,-60.0,1199.43964021,mst,1.95210695724,1.48006289071,34.6522542577,-21.449385068,474.126427803,26,23059.3982947,4,1.53109535581,1.97269174538
0.0,0.0,1214.7071677,lst,5.11340499166,0.573677863194,60.0,60.0,42.4475660191,mst,5.36598257773,None,60.0,-60.0,881.546929082,mst,4.28519969346,1.53220392474,-60.0,60.0,808.240052831,mst,0.298575007535,1.10894241703,-60.0,-60.0,431.714287088,mst,2.65912629886,0.716741780471,-37.5466081983,-15.7610069428,378.709795473,26,22181.1680581,4,1.75906749665,6.19009925429
0.0,0.0,1546.64867735,lst,3.93642253774,0.744303582395,60.0,60.0,1275.27352014,mst,4.97723893235,1.50025569157,60.0,-60.0,25.8735618449,mst,3.92973030361,None,-60.0,60.0,302.255613941,mst,0.760212057654,0.47801218456,-60.0,-60.0,1137.54679736,mst,2.89102732684,1.40089607132,-35.303008299,34.9916821253,307.437625667,26,21923.2924294,4,1.9316793395,1.54287191234
0.0,0.0,1995.13876948,lst,0.287485571801,0.527091435895,60.0,60.0,1690.08180719,mst,5.86177619078,1.25783762127,60.0,-60.0,618.512383063,mst,4.4341647471,0.541547417819,-60.0,60.0,2070.60371412,mst,0.591483707617,1.45193546523,-60.0,-60.0,858.822342286,mst,1.76144901415,0.861585879284,13.0262847559,-46.5493290083,1069.48713462,26,20340.9052143,5,1.23543583991,5.68460080627
0.0,0.0,654.78013165,lst,0.815793784554,0.160140522594,60.0,60.0,916.779875262,mst,5.6134384788,1.36543729488,60.0,-60.0,758.789620008,mst,3.91159495429,1.22062987561,-60.0,60.0,735.795040071,mst,0.794603259121,1.54959428106,-60.0,-60.0,955.265708713,mst,2.22091747135,1.40355269279,7.34817404825,-6.99845519415,594.954842624,26,25864.5455415,5,1.46834415877,4.73241964983
0.0,0.0,938.188083753,lst,3.20404718762,0.149679024443,60.0,60.0,885.261883729,mst,5.40795957229,1.22824904556,60.0,-60.0,1084.30419631,mst,3.8551569985,1.44241348311,-60.0,60.0,920.924679491,mst,0.851025826106,1.19731303245,-60.0,-60.0,1065.06128843,mst,2.42238308297,1.38891684046,-0.557396868227,8.60524049723,842.387340764,26,25903.0062449,5,1.78859720621,0.642915110803
0.0,0.0,988.089820593,lst,2.31812710394,0.505703622809,60.0,60.0,460.420951509,mst,5.54861004993,0.81035387615,60.0,-60.0,1051.33093532,mst,3.54731282225,1.36576754929,-60.0,60.0,1107.35939087,mst,1.1604667288,1.46494773607,-60.0,-60.0,34.4264232861,mst,2.35684578111,None,24.5904834348,21.9708641528,394.711641453,26,23632.9483187,4,1.74942946683,4.03808696859
0.0,0.0,837.311670876,lst,5.37404459708,0.212887814988,60.0,60.0,803.643404197,mst,5.4865193235,1.51891741093,60.0,-60.0,955.941742328,mst,4.07309873888,1.34002043606,-60.0,60.0,955.928199917,mst,0.641868124823,1.31820922106,-60.0,-60.0,748.772782269,mst,2.3745334055,1.12107547506,-10.1169710169,-7.52711941562,623.515697229,26,25338.0295847,5,1.78148199267,3.51520047072
0.0,0.0,1623.25787371,lst,4.28428905935,0.203427970014,60.0,60.0,1231.41284717,mst,5.35626848064,1.44159111765,60.0,-60.0,1277.61192376,mst,3.9877847856,1.49887299343,-60.0,60.0,935.170821288,mst,0.709526820024,1.19848174495,-60.0,-60.0,1080.26142093,mst,2.5351839968,1.28583409199,-12.7918684745,5.98941406006,1445.07616172,26,27900.5199391,5,1.25458205975,3.91423395087
0.0,0.0,552.984544936,lst,2.55326425106,None,60.0,60.0,938.870137261,mst,5.49997376716,1.42757198248,60.0,-60.0,927.459366097,mst,3.92613740236,1.43577321963,-60.0,60.0,876.719036739,mst,0.795817759104,1.45210976111,-60.0,-60.0,912.343069055,mst,2.36682898079,1.46878489599,0.719760913377,1.04729201792,512.556994862,26,25997.3616909,4,1.59610365108,6.23275377649
0.0,0.0,1102.64121685,lst,2.7421011323,0.531415168934,60.0,60.0,512.531170652,mst,5.24955545941,0.780669278326,60.0,-60.0,815.434609463,mst,3.62654630082,1.59671257531,-60.0,60.0,927.154174551,mst,1.2230560433,1.17452030175,-60.0,-60.0,41.1987637384,mst,2.47751085604,None,13.8485436017,31.9790438212,459.353149959,26,23805.7947764,4,1.30454151531,6.14546618835
0.0,0.0,1113.1616882,lst,2.09196712336,0.489823765511,60.0,60.0,364.012036468,mst,5.70091571018,0.627289830511,60.0,-60.0,905.13852237,mst,3.45350406122,1.08238607246,-60.0,60.0,1263.72422918,mst,1.13919904151,1.26994640001,-60.0,-60.0,337.43581354,mst,2.27069185291,1.58281009976,33.1814637942,19.4536241167,305.485344369,26,19665.0488897,5,1.42501869825,0.583473546092
0.0,0.0,900.803141154,lst,3.18304596756,0.387163321558,60.0,60.0,680.741875742,mst,5.18944623254,0.977407388679,60.0,-60.0,1339.60990588,mst,3.73253277809,1.48885809556,-60.0,60.0,648.57850193,mst,1.07646504526,0.935255133021,-60.0,-60.0,1296.01492416,mst,2.5589280604,1.46194433666,-0.806936918747,28.7246235488,441.492812932,26,21970.4006327,5,1.587405209,2.15682943459
0.0,0.0,1471.00202164,lst,1.06008046375,0.573181057396,60.0,60.0,935.856676413,mst,5.9238394063,1.41210257855,60.0,-60.0,562.254918258,mst,3.74774759305,0.886639025902,-60.0,60.0,60.041546699,mst,0.862088468916,None,-60.0,-60.0,319.148252282,mst,1.99181642319,1.64537466369,31.1746060309,-17.8163105591,880.885777649,26,28148.6097797,4,1.30232256423,1.82525685339
0.0,0.0,1665.09389791,lst,0.526932253113,0.69358209633,60.0,60.0,890.017661311,mst,5.94355540006,1.51006181015,60.0,-60.0,455.194130213,mst,4.2035045487,0.588395265897,-60.0,60.0,42.5077529501,mst,0.692365226124,None,-60.0,-60.0,960.012063926,mst,1.80692740358,1.22863077336,23.9769874326,-40.7640336957,863.521528996,26,23959.5776149,4,1.69298258153,4.9853443273
0.0,0.0,838.07321133,lst,4.22056464137,0.127332500536,60.0,60.0,957.562452625,mst,5.41016620393,1.38888362147,60.0,-60.0,1093.31953284,mst,3.95470612654,1.42867560336,-60.0,60.0,847.005047528,mst,0.748402578592,1.20923587443,-60.0,-60.0,904.326695611,mst,2.45052313596,1.27216651602,-7.43059699702,4.02745239069,705.256299504,26,25807.4685981,5,1.37845842587,2.88185127935
0.0,0.0,672.867038643,lst,6.18588966675,0.300455525886,60.0,60.0,280.152437276,mst,5.60593607559,1.65267576108,60.0,-60.0,747.181704905,mst,4.11208387797,1.25324462994,-60.0,60.0,713.313722276,mst,0.654416144861,1.51932482393,-60.0,-60.0,667.652099412,mst,2.17700221764,1.12702672089,-1.58444188135,-18.2930774356,365.150124259,26,24154.7471621,5,1.26564847498,1.34047735169
0.0,0.0,1235.98159105,lst,2.97105474525,0.20804515424,60.0,60.0,904.373559673,mst,5.41779600314,1.38464970361,60.0,-60.0,141.640521321,mst,3.82933095195,None,-60.0,60.0,931.861899824,mst,0.908992353899,1.38496425163,-60.0,-60.0,370.393861948,mst,2.42985582135,1.65195310882,1.81722798979,11.6073663164,1164.93613304,26,29372.5772175,4,1.78790739163,1.93346084784
0.0,0.0,1358.15733161,lst,5.90738582723,0.443598979097,60.0,60.0,109.637273218,mst,5.61074500037,None,60.0,-60.0,846.437423028,mst,4.28864273111,1.11370701746,-60.0,60.0,856.349294892,mst,0.506851435535,1.52712121756,-60.0,-60.0,667.143279376,mst,2.15175571581,0.841674871956,-10.8517144626,-27.7495828125,985.56042229,26,25564.6221886,4,1.86835825507,3.59145030727
0.0,0.0,685.450457588,lst,2.4076187314,0.241869679677,60.0,60.0,680.234489096,mst,5.49985249818,1.08336659666,60.0,-60.0,945.618291599,mst,3.74871315882,1.36189243101,-60.0,60.0,985.086761364,mst,0.971748815608,1.33756175994,-60.0,-60.0,783.032271026,mst,2.37087227643,1.57215975407,10.6264651361,11.531221845,524.999207586,26,24607.6154382,5,1.63651194685,1.37532455178
0.0,0.0,1196.69758477,lst,1.23504063623,0.453829492284,60.0,60.0,853.964201132,mst,5.94269027032,1.04456191184,60.0,-60.0,539.920536557,mst,3.65478512671,0.766391835883,-60.0,60.0,1616.94248182,mst,0.934224832696,1.49728696057,-60.0,-60.0,1423.31876944,mst,2.06204660127,1.31846821607,33.2840469495,-11.5747290438,525.599436526,26,22803.3480415,5,1.21896189873,1.66899925267
0.0,0.0,1656.23109873,lst,0.605256141604,0.739349189488,60.0,60.0,358.2529225,mst,5.96634680232,1.6239851078,60.0,-60.0,416.13426597,mst,4.15405304717,0.513238222785,-60.0,60.0,40.1762634222,mst,0.716918586998,None,-60.0,-60.0,1030.84816719,mst,1.78834205859,1.26126085704,28.3791579465,-40.7297568099,559.864459102,26,24443.6495301,4,1.91383009859,2.8592448681
0.0,0.0,2841.79915418,lst,5.52710436753,1.00985881088,60.0,60.0,21.6478418634,mst,5.52476909514,None,60.0,-60.0,1612.13904656,mst,4.70274549925,1.50173167743,-60.0,60.0,1041.9523945,mst,0.0427650288594,1.53959406534,-60.0,-60.0,321.336159732,mst,1.90072452451,0.0802692022513,-54.6672131534,-58.192304659,327.119520924,26,21453.2915407,4,1.22596166537,5.50873055086
0.0,0.0,1593.16892573,lst,5.55589264313,0.637369021828,60.0,60.0,43.4021329831,mst,5.50825008426,None,60.0,-60.0,1196.93999234,mst,4.49190586231,1.19091319771,-60.0,60.0,1329.5046788,mst,0.257057183781,1.28554754389,-60.0,-60.0,272.038431728,mst,2.27401958447,0.402400090358,-34.7444621181,-38.6307721248,358.818561271,26,19570.3239085,4,1.76470311704,2.78150504351
0.0,0.0,1919.87591393,lst,3.84715743637,0.741387688117,60.0,60.0,1252.858911,mst,4.90319454156,1.22065651743,60.0,-60.0,47.0260486433,mst,3.89152233854,None,-60.0,60.0,378.992493469,mst,0.947980128461,0.3767602383,-60.0,-60.0,1362.27298863,mst,2.89452241647,1.39682290764,-35.8226353631,42.3401075092,653.737964853,26,22000.6868644,4,1.90779149535,0.15945273887
0.0,0.0,1822.86428292,lst,3.70836300742,0.748362586033,60.0,60.0,1043.83494415,mst,4.86214386646,1.19202650761,60.0,-60.0,43.4306698972,mst,3.83435617659,None,-60.0,60.0,351.602427055,mst,1.14677271916,0.469571457664,-60.0,-60.0,964.688020655,mst,2.87324719944,1.52982789822,-29.9944359715,47.2098542438,598.403027177,26,22998.0040379,4,1.31926609978,4.75925965663
0.0,0.0,2418.0932511,lst,4.02578440168,0.982710606964,60.0,60.0,336.736779713,mst,4.8372324302,1.63851225928,60.0,-60.0,35.7487937128,mst,3.98743386925,None,-60.0,60.0,176.580574342,mst,0.256590671828,0.209043498449,-60.0,-60.0,1334.48630713,mst,3.11604101938,1.44966199459,-55.9750556311,45.1585227095,451.553720152,26,21998.9769372,4,1.44423216475,2.29650667086
0.0,0.0,1832.29566991,lst,0.710876914301,0.660090964361,60.0,60.0,1152.25615387,mst,5.95227108124,1.46517067646,60.0,-60.0,515.891372762,mst,3.97884492351,0.612850378104,-60.0,60.0,68.7426024686,mst,0.77524299757,None,-60.0,-60.0,1082.71107091,mst,1.8577992429,1.3825617328,28.8926129879,-33.1136400385,1240.05823463,26,25316.3265777,4,1.52549556405,6.07497235977
